ProjectName,Is ML consumer,where,keyword,line_number,libraries,keywords
921kiyo/3d-dl,Yes,C:/Users/Cristian/PycharmProjects/MARK-IGES-Project/MARK-Tool/MARK-Tool/repos/repos2\921kiyo\3d-dl\flask_webserver\flask_implementations.py,,82,keras,.predict(
921kiyo/3d-dl,Yes,C:/Users/Cristian/PycharmProjects/MARK-IGES-Project/MARK-Tool/MARK-Tool/repos/repos2\921kiyo\3d-dl\src\deprecated\classify.py,,53,keras,.predict(
921kiyo/3d-dl,Yes,C:/Users/Cristian/PycharmProjects/MARK-IGES-Project/MARK-Tool/MARK-Tool/repos/repos2\921kiyo\3d-dl\src\deprecated\flask_app.py,,87,keras,.predict(
921kiyo/3d-dl,Yes,C:/Users/Cristian/PycharmProjects/MARK-IGES-Project/MARK-Tool/MARK-Tool/repos/repos2\921kiyo\3d-dl\src\deprecated\flask_app.py,,163,keras,.predict(
akanimax/BMSG-GAN,Yes,C:/Users/Cristian/PycharmProjects/MARK-IGES-Project/MARK-Tool/MARK-Tool/repos/repos2\akanimax\BMSG-GAN\sourcecode\generate_multi_scale_samples.py,,82,torch,.no_grad(
akanimax/BMSG-GAN,Yes,C:/Users/Cristian/PycharmProjects/MARK-IGES-Project/MARK-Tool/MARK-Tool/repos/repos2\akanimax\BMSG-GAN\sourcecode\generate_multi_scale_samples.py,,118,torch,.no_grad(
akanimax/BMSG-GAN,Yes,C:/Users/Cristian/PycharmProjects/MARK-IGES-Project/MARK-Tool/MARK-Tool/repos/repos2\akanimax\BMSG-GAN\sourcecode\generate_samples.py,,78,torch,.no_grad(
akanimax/BMSG-GAN,Yes,C:/Users/Cristian/PycharmProjects/MARK-IGES-Project/MARK-Tool/MARK-Tool/repos/repos2\akanimax\BMSG-GAN\sourcecode\generate_samples.py,,114,torch,.no_grad(
AliaksandrSiarohin/monkey-net,Yes,C:/Users/Cristian/PycharmProjects/MARK-IGES-Project/MARK-Tool/MARK-Tool/repos/repos2\AliaksandrSiarohin\monkey-net\demo.py,,60,torch,.no_grad(
AliaksandrSiarohin/monkey-net,Yes,C:/Users/Cristian/PycharmProjects/MARK-IGES-Project/MARK-Tool/MARK-Tool/repos/repos2\AliaksandrSiarohin\monkey-net\reconstruction.py,,56,torch,.no_grad(
AliaksandrSiarohin/monkey-net,Yes,C:/Users/Cristian/PycharmProjects/MARK-IGES-Project/MARK-Tool/MARK-Tool/repos/repos2\AliaksandrSiarohin\monkey-net\transfer.py,,108,torch,.no_grad(
ambakick/Person-Detection-and-Tracking,Yes,C:/Users/Cristian/PycharmProjects/MARK-IGES-Project/MARK-Tool/MARK-Tool/repos/repos2\ambakick\Person-Detection-and-Tracking\meta_architectures\faster_rcnn_meta_arch.py,,759,tensorflow,.predict(
ambakick/Person-Detection-and-Tracking,Yes,C:/Users/Cristian/PycharmProjects/MARK-IGES-Project/MARK-Tool/MARK-Tool/repos/repos2\ambakick\Person-Detection-and-Tracking\meta_architectures\faster_rcnn_meta_arch.py,,759,tensorflow,.predict(
ambakick/Person-Detection-and-Tracking,Yes,C:/Users/Cristian/PycharmProjects/MARK-IGES-Project/MARK-Tool/MARK-Tool/repos/repos2\ambakick\Person-Detection-and-Tracking\meta_architectures\faster_rcnn_meta_arch.py,,759,tensorflow,.predict(
ambakick/Person-Detection-and-Tracking,Yes,C:/Users/Cristian/PycharmProjects/MARK-IGES-Project/MARK-Tool/MARK-Tool/repos/repos2\ambakick\Person-Detection-and-Tracking\meta_architectures\faster_rcnn_meta_arch.py,,832,tensorflow,.predict(
ambakick/Person-Detection-and-Tracking,Yes,C:/Users/Cristian/PycharmProjects/MARK-IGES-Project/MARK-Tool/MARK-Tool/repos/repos2\ambakick\Person-Detection-and-Tracking\meta_architectures\faster_rcnn_meta_arch.py,,832,tensorflow,.predict(
ambakick/Person-Detection-and-Tracking,Yes,C:/Users/Cristian/PycharmProjects/MARK-IGES-Project/MARK-Tool/MARK-Tool/repos/repos2\ambakick\Person-Detection-and-Tracking\meta_architectures\faster_rcnn_meta_arch.py,,832,tensorflow,.predict(
ambakick/Person-Detection-and-Tracking,Yes,C:/Users/Cristian/PycharmProjects/MARK-IGES-Project/MARK-Tool/MARK-Tool/repos/repos2\ambakick\Person-Detection-and-Tracking\meta_architectures\faster_rcnn_meta_arch.py,,863,tensorflow,.predict(
ambakick/Person-Detection-and-Tracking,Yes,C:/Users/Cristian/PycharmProjects/MARK-IGES-Project/MARK-Tool/MARK-Tool/repos/repos2\ambakick\Person-Detection-and-Tracking\meta_architectures\faster_rcnn_meta_arch.py,,863,tensorflow,.predict(
ambakick/Person-Detection-and-Tracking,Yes,C:/Users/Cristian/PycharmProjects/MARK-IGES-Project/MARK-Tool/MARK-Tool/repos/repos2\ambakick\Person-Detection-and-Tracking\meta_architectures\faster_rcnn_meta_arch.py,,863,tensorflow,.predict(
ambakick/Person-Detection-and-Tracking,Yes,C:/Users/Cristian/PycharmProjects/MARK-IGES-Project/MARK-Tool/MARK-Tool/repos/repos2\ambakick\Person-Detection-and-Tracking\meta_architectures\faster_rcnn_meta_arch.py,,974,tensorflow,.predict(
ambakick/Person-Detection-and-Tracking,Yes,C:/Users/Cristian/PycharmProjects/MARK-IGES-Project/MARK-Tool/MARK-Tool/repos/repos2\ambakick\Person-Detection-and-Tracking\meta_architectures\faster_rcnn_meta_arch.py,,974,tensorflow,.predict(
ambakick/Person-Detection-and-Tracking,Yes,C:/Users/Cristian/PycharmProjects/MARK-IGES-Project/MARK-Tool/MARK-Tool/repos/repos2\ambakick\Person-Detection-and-Tracking\meta_architectures\faster_rcnn_meta_arch.py,,974,tensorflow,.predict(
ambakick/Person-Detection-and-Tracking,Yes,C:/Users/Cristian/PycharmProjects/MARK-IGES-Project/MARK-Tool/MARK-Tool/repos/repos2\ambakick\Person-Detection-and-Tracking\meta_architectures\rfcn_meta_arch.py,,273,tensorflow,.predict(
ambakick/Person-Detection-and-Tracking,Yes,C:/Users/Cristian/PycharmProjects/MARK-IGES-Project/MARK-Tool/MARK-Tool/repos/repos2\ambakick\Person-Detection-and-Tracking\meta_architectures\rfcn_meta_arch.py,,273,tensorflow,.predict(
ambakick/Person-Detection-and-Tracking,Yes,C:/Users/Cristian/PycharmProjects/MARK-IGES-Project/MARK-Tool/MARK-Tool/repos/repos2\ambakick\Person-Detection-and-Tracking\meta_architectures\rfcn_meta_arch.py,,273,tensorflow,.predict(
ambakick/Person-Detection-and-Tracking,Yes,C:/Users/Cristian/PycharmProjects/MARK-IGES-Project/MARK-Tool/MARK-Tool/repos/repos2\ambakick\Person-Detection-and-Tracking\meta_architectures\ssd_meta_arch.py,,403,tensorflow,.predict(
ambakick/Person-Detection-and-Tracking,Yes,C:/Users/Cristian/PycharmProjects/MARK-IGES-Project/MARK-Tool/MARK-Tool/repos/repos2\ambakick\Person-Detection-and-Tracking\meta_architectures\ssd_meta_arch.py,,403,tensorflow,.predict(
ambakick/Person-Detection-and-Tracking,Yes,C:/Users/Cristian/PycharmProjects/MARK-IGES-Project/MARK-Tool/MARK-Tool/repos/repos2\ambakick\Person-Detection-and-Tracking\meta_architectures\ssd_meta_arch.py,,403,tensorflow,.predict(
AntiAegis/Human-Segmentation-PyTorch,Yes,C:/Users/Cristian/PycharmProjects/MARK-IGES-Project/MARK-Tool/MARK-Tool/repos/repos2\AntiAegis\Human-Segmentation-PyTorch\inference_video.py,,100,torch,.no_grad(
AntiAegis/Human-Segmentation-PyTorch,Yes,C:/Users/Cristian/PycharmProjects/MARK-IGES-Project/MARK-Tool/MARK-Tool/repos/repos2\AntiAegis\Human-Segmentation-PyTorch\base\base_inference.py,,127,torch,.no_grad(
AntiAegis/Human-Segmentation-PyTorch,Yes,C:/Users/Cristian/PycharmProjects/MARK-IGES-Project/MARK-Tool/MARK-Tool/repos/repos2\AntiAegis\Human-Segmentation-PyTorch\evaluation\losses.py,,74,torch,.no_grad(
AntiAegis/Human-Segmentation-PyTorch,Yes,C:/Users/Cristian/PycharmProjects/MARK-IGES-Project/MARK-Tool/MARK-Tool/repos/repos2\AntiAegis\Human-Segmentation-PyTorch\evaluation\losses.py,,99,torch,.no_grad(
appinho/SAComputerVisionMachineLearning,Yes,C:/Users/Cristian/PycharmProjects/MARK-IGES-Project/MARK-Tool/MARK-Tool/repos/repos2\appinho\SAComputerVisionMachineLearning\BehavioralCloning\drive.py,,64,keras,.predict(
becauseofAI/MobileFace,Yes,C:/Users/Cristian/PycharmProjects/MARK-IGES-Project/MARK-Tool/MARK-Tool/repos/repos2\becauseofAI\MobileFace\MobileFace_Attribute\mobileface_attribute_predictor.py,,29,mxnet,pretrained=True
becauseofAI/MobileFace,Yes,C:/Users/Cristian/PycharmProjects/MARK-IGES-Project/MARK-Tool/MARK-Tool/repos/repos2\becauseofAI\MobileFace\MobileFace_Attribute\mobileface_attribute_predictor.py,,41,mxnet,pretrained=True
becauseofAI/MobileFace,Yes,C:/Users/Cristian/PycharmProjects/MARK-IGES-Project/MARK-Tool/MARK-Tool/repos/repos2\becauseofAI\MobileFace\MobileFace_Attribute\mobileface_attr_net.py,,216,mxnet,pretrained=True
becauseofAI/MobileFace,Yes,C:/Users/Cristian/PycharmProjects/MARK-IGES-Project/MARK-Tool/MARK-Tool/repos/repos2\becauseofAI\MobileFace\MobileFace_Detection\mobilefacedetnet.py,,115,mxnet,pretrained=True
becauseofAI/MobileFace,Yes,C:/Users/Cristian/PycharmProjects/MARK-IGES-Project/MARK-Tool/MARK-Tool/repos/repos2\becauseofAI\MobileFace\MobileFace_Detection\mobilefacedetnet.py,,143,mxnet,pretrained=True
becauseofAI/MobileFace,Yes,C:/Users/Cristian/PycharmProjects/MARK-IGES-Project/MARK-Tool/MARK-Tool/repos/repos2\becauseofAI\MobileFace\MobileFace_Detection\mobilefacedetnet.py,,179,mxnet,pretrained=True
becauseofAI/MobileFace,Yes,C:/Users/Cristian/PycharmProjects/MARK-IGES-Project/MARK-Tool/MARK-Tool/repos/repos2\becauseofAI\MobileFace\MobileFace_Detection\mobilefacedetnet.py,,225,mxnet,pretrained=True
becauseofAI/MobileFace,Yes,C:/Users/Cristian/PycharmProjects/MARK-IGES-Project/MARK-Tool/MARK-Tool/repos/repos2\becauseofAI\MobileFace\MobileFace_Detection\mobilefacedetnet.py,,260,mxnet,pretrained=True
becauseofAI/MobileFace,Yes,C:/Users/Cristian/PycharmProjects/MARK-IGES-Project/MARK-Tool/MARK-Tool/repos/repos2\becauseofAI\MobileFace\MobileFace_Detection\mobileface_detector.py,,32,mxnet,pretrained=True
becauseofAI/MobileFace,Yes,C:/Users/Cristian/PycharmProjects/MARK-IGES-Project/MARK-Tool/MARK-Tool/repos/repos2\becauseofAI\MobileFace\MobileFace_Detection\utils\yolo3.py,,488,mxnet,pretrained=True
becauseofAI/MobileFace,Yes,C:/Users/Cristian/PycharmProjects/MARK-IGES-Project/MARK-Tool/MARK-Tool/repos/repos2\becauseofAI\MobileFace\MobileFace_Tracking\mobileface_sort_v1.py,,117,sklearn,.predict(
becauseofAI/MobileFace,Yes,C:/Users/Cristian/PycharmProjects/MARK-IGES-Project/MARK-Tool/MARK-Tool/repos/repos2\becauseofAI\MobileFace\MobileFace_Tracking\mobileface_sort_v1.py,,195,sklearn,.predict(
breeko/spypy,Yes,C:/Users/Cristian/PycharmProjects/MARK-IGES-Project/MARK-Tool/MARK-Tool/repos/repos2\breeko\spypy\src\detect.py,,167,keras,.predict(
bsamseth/tictacNET,Yes,C:/Users/Cristian/PycharmProjects/MARK-IGES-Project/MARK-Tool/MARK-Tool/repos/repos2\bsamseth\tictacNET\play.py,,43,tensorflow,.predict(
bsamseth/tictacNET,Yes,C:/Users/Cristian/PycharmProjects/MARK-IGES-Project/MARK-Tool/MARK-Tool/repos/repos2\bsamseth\tictacNET\play.py,,43,tensorflow,.predict(
bsamseth/tictacNET,Yes,C:/Users/Cristian/PycharmProjects/MARK-IGES-Project/MARK-Tool/MARK-Tool/repos/repos2\bsamseth\tictacNET\play.py,,43,tensorflow,.predict(
cjekel/tindetheus,Yes,C:/Users/Cristian/PycharmProjects/MARK-IGES-Project/MARK-Tool/MARK-Tool/repos/repos2\cjekel\tindetheus\tindetheus\tinder_client.py,,243,tensorflow,.predict(
cjekel/tindetheus,Yes,C:/Users/Cristian/PycharmProjects/MARK-IGES-Project/MARK-Tool/MARK-Tool/repos/repos2\cjekel\tindetheus\tindetheus\tinder_client.py,,243,tensorflow,.predict(
cjekel/tindetheus,Yes,C:/Users/Cristian/PycharmProjects/MARK-IGES-Project/MARK-Tool/MARK-Tool/repos/repos2\cjekel\tindetheus\tindetheus\tinder_client.py,,243,tensorflow,.predict(
cjekel/tindetheus,Yes,C:/Users/Cristian/PycharmProjects/MARK-IGES-Project/MARK-Tool/MARK-Tool/repos/repos2\cjekel\tindetheus\tindetheus\tindetheus.py,,116,tensorflow,.predict(
cjekel/tindetheus,Yes,C:/Users/Cristian/PycharmProjects/MARK-IGES-Project/MARK-Tool/MARK-Tool/repos/repos2\cjekel\tindetheus\tindetheus\tindetheus.py,,116,tensorflow,.predict(
cjekel/tindetheus,Yes,C:/Users/Cristian/PycharmProjects/MARK-IGES-Project/MARK-Tool/MARK-Tool/repos/repos2\cjekel\tindetheus\tindetheus\tindetheus.py,,116,tensorflow,.predict(
claudio-unipv/quasi-unsupervised-cc,Yes,C:/Users/Cristian/PycharmProjects/MARK-IGES-Project/MARK-Tool/MARK-Tool/repos/repos2\claudio-unipv\quasi-unsupervised-cc\demo\qucc.py,,37,torch,.no_grad(
CODAIT/deep-histopath,Yes,C:/Users/Cristian/PycharmProjects/MARK-IGES-Project/MARK-Tool/MARK-Tool/repos/repos2\CODAIT\deep-histopath\preprocess_mitoses.py,,214,tensorflow,.predict_on_batch
CODAIT/deep-histopath,Yes,C:/Users/Cristian/PycharmProjects/MARK-IGES-Project/MARK-Tool/MARK-Tool/repos/repos2\CODAIT\deep-histopath\preprocess_mitoses.py,,214,tensorflow,.predict_on_batch
CODAIT/deep-histopath,Yes,C:/Users/Cristian/PycharmProjects/MARK-IGES-Project/MARK-Tool/MARK-Tool/repos/repos2\CODAIT\deep-histopath\deephistopath\inference.py,,219,tensorflow,.predict(
CODAIT/deep-histopath,Yes,C:/Users/Cristian/PycharmProjects/MARK-IGES-Project/MARK-Tool/MARK-Tool/repos/repos2\CODAIT\deep-histopath\deephistopath\inference.py,,219,tensorflow,.predict(
CODAIT/deep-histopath,Yes,C:/Users/Cristian/PycharmProjects/MARK-IGES-Project/MARK-Tool/MARK-Tool/repos/repos2\CODAIT\deep-histopath\deephistopath\inference.py,,219,tensorflow,.predict(
CODAIT/deep-histopath,Yes,C:/Users/Cristian/PycharmProjects/MARK-IGES-Project/MARK-Tool/MARK-Tool/repos/repos2\CODAIT\deep-histopath\deephistopath\inference.py,,624,tensorflow,.predict(
CODAIT/deep-histopath,Yes,C:/Users/Cristian/PycharmProjects/MARK-IGES-Project/MARK-Tool/MARK-Tool/repos/repos2\CODAIT\deep-histopath\deephistopath\inference.py,,624,tensorflow,.predict(
CODAIT/deep-histopath,Yes,C:/Users/Cristian/PycharmProjects/MARK-IGES-Project/MARK-Tool/MARK-Tool/repos/repos2\CODAIT\deep-histopath\deephistopath\inference.py,,624,tensorflow,.predict(
CODAIT/deep-histopath,Yes,C:/Users/Cristian/PycharmProjects/MARK-IGES-Project/MARK-Tool/MARK-Tool/repos/repos2\CODAIT\deep-histopath\v2\nucleus\mitosis_inference_pipeline.py,,343,tensorflow,.predict(
CODAIT/deep-histopath,Yes,C:/Users/Cristian/PycharmProjects/MARK-IGES-Project/MARK-Tool/MARK-Tool/repos/repos2\CODAIT\deep-histopath\v2\nucleus\mitosis_inference_pipeline.py,,343,tensorflow,.predict(
CODAIT/deep-histopath,Yes,C:/Users/Cristian/PycharmProjects/MARK-IGES-Project/MARK-Tool/MARK-Tool/repos/repos2\CODAIT\deep-histopath\v2\nucleus\mitosis_inference_pipeline.py,,343,tensorflow,.predict(
CODAIT/deep-histopath,Yes,C:/Users/Cristian/PycharmProjects/MARK-IGES-Project/MARK-Tool/MARK-Tool/repos/repos2\CODAIT\deep-histopath\v2\nucleus\mitosis_train_pipeline.py,,415,tensorflow,.predict(
CODAIT/deep-histopath,Yes,C:/Users/Cristian/PycharmProjects/MARK-IGES-Project/MARK-Tool/MARK-Tool/repos/repos2\CODAIT\deep-histopath\v2\nucleus\mitosis_train_pipeline.py,,415,tensorflow,.predict(
CODAIT/deep-histopath,Yes,C:/Users/Cristian/PycharmProjects/MARK-IGES-Project/MARK-Tool/MARK-Tool/repos/repos2\CODAIT\deep-histopath\v2\nucleus\mitosis_train_pipeline.py,,415,tensorflow,.predict(
cpmpercussion/robojam,Yes,C:/Users/Cristian/PycharmProjects/MARK-IGES-Project/MARK-Tool/MARK-Tool/repos/repos2\cpmpercussion\robojam\robojam\__init__.py,,139,tensorflow,.predict(
cpmpercussion/robojam,Yes,C:/Users/Cristian/PycharmProjects/MARK-IGES-Project/MARK-Tool/MARK-Tool/repos/repos2\cpmpercussion\robojam\robojam\__init__.py,,139,tensorflow,.predict(
cpmpercussion/robojam,Yes,C:/Users/Cristian/PycharmProjects/MARK-IGES-Project/MARK-Tool/MARK-Tool/repos/repos2\cpmpercussion\robojam\robojam\__init__.py,,139,tensorflow,.predict(
cpmpercussion/robojam,Yes,C:/Users/Cristian/PycharmProjects/MARK-IGES-Project/MARK-Tool/MARK-Tool/repos/repos2\cpmpercussion\robojam\robojam\__init__.py,,159,tensorflow,.predict(
cpmpercussion/robojam,Yes,C:/Users/Cristian/PycharmProjects/MARK-IGES-Project/MARK-Tool/MARK-Tool/repos/repos2\cpmpercussion\robojam\robojam\__init__.py,,159,tensorflow,.predict(
cpmpercussion/robojam,Yes,C:/Users/Cristian/PycharmProjects/MARK-IGES-Project/MARK-Tool/MARK-Tool/repos/repos2\cpmpercussion\robojam\robojam\__init__.py,,159,tensorflow,.predict(
cpmpercussion/robojam,Yes,C:/Users/Cristian/PycharmProjects/MARK-IGES-Project/MARK-Tool/MARK-Tool/repos/repos2\cpmpercussion\robojam\robojam\__init__.py,,164,tensorflow,.predict(
cpmpercussion/robojam,Yes,C:/Users/Cristian/PycharmProjects/MARK-IGES-Project/MARK-Tool/MARK-Tool/repos/repos2\cpmpercussion\robojam\robojam\__init__.py,,164,tensorflow,.predict(
cpmpercussion/robojam,Yes,C:/Users/Cristian/PycharmProjects/MARK-IGES-Project/MARK-Tool/MARK-Tool/repos/repos2\cpmpercussion\robojam\robojam\__init__.py,,164,tensorflow,.predict(
CryoliteZ/Plants-Identification,Yes,C:/Users/Cristian/PycharmProjects/MARK-IGES-Project/MARK-Tool/MARK-Tool/repos/repos2\CryoliteZ\Plants-Identification\bot.py,,107,keras,.predict(
CryoliteZ/Plants-Identification,Yes,C:/Users/Cristian/PycharmProjects/MARK-IGES-Project/MARK-Tool/MARK-Tool/repos/repos2\CryoliteZ\Plants-Identification\top5.py,,35,keras,.predict(
cs-chan/Deep-Plant,Yes,C:/Users/Cristian/PycharmProjects/MARK-IGES-Project/MARK-Tool/MARK-Tool/repos/repos2\cs-chan\Deep-Plant\GRU-CFA\E-CNN\getfeatures.py,,83,caffe,.predict(
cs-chan/Deep-Plant,Yes,C:/Users/Cristian/PycharmProjects/MARK-IGES-Project/MARK-Tool/MARK-Tool/repos/repos2\cs-chan\Deep-Plant\HGO-CNN\prob_ext.py,,66,caffe,.predict(
CyberZHG/keras-bert,Yes,C:/Users/Cristian/PycharmProjects/MARK-IGES-Project/MARK-Tool/MARK-Tool/repos/repos2\CyberZHG\keras-bert\demo\load_model\keras_bert_load_and_extract_tpu.ipynb,,154,tensorflow,.predict(
CyberZHG/keras-bert,Yes,C:/Users/Cristian/PycharmProjects/MARK-IGES-Project/MARK-Tool/MARK-Tool/repos/repos2\CyberZHG\keras-bert\demo\load_model\keras_bert_load_and_extract_tpu.ipynb,,154,tensorflow,.predict(
CyberZHG/keras-bert,Yes,C:/Users/Cristian/PycharmProjects/MARK-IGES-Project/MARK-Tool/MARK-Tool/repos/repos2\CyberZHG\keras-bert\demo\load_model\keras_bert_load_and_extract_tpu.ipynb,,154,tensorflow,.predict(
CyberZHG/keras-bert,Yes,C:/Users/Cristian/PycharmProjects/MARK-IGES-Project/MARK-Tool/MARK-Tool/repos/repos2\CyberZHG\keras-bert\demo\load_model\load_and_pool.py,,30,keras,.predict(
CyberZHG/keras-bert,Yes,C:/Users/Cristian/PycharmProjects/MARK-IGES-Project/MARK-Tool/MARK-Tool/repos/repos2\CyberZHG\keras-bert\keras_bert\util.py,,109,tensorflow,.predict(
CyberZHG/keras-bert,Yes,C:/Users/Cristian/PycharmProjects/MARK-IGES-Project/MARK-Tool/MARK-Tool/repos/repos2\CyberZHG\keras-bert\keras_bert\util.py,,109,tensorflow,.predict(
CyberZHG/keras-bert,Yes,C:/Users/Cristian/PycharmProjects/MARK-IGES-Project/MARK-Tool/MARK-Tool/repos/repos2\CyberZHG\keras-bert\keras_bert\util.py,,109,tensorflow,.predict(
Ekim-Yurtsever/DeepTL-Lane-Change-Classification,Yes,C:/Users/Cristian/PycharmProjects/MARK-IGES-Project/MARK-Tool/MARK-Tool/repos/repos2\Ekim-Yurtsever\DeepTL-Lane-Change-Classification\lane_change_risk_detection\dataset.py,,204,keras,.predict(
Ekim-Yurtsever/DeepTL-Lane-Change-Classification,Yes,C:/Users/Cristian/PycharmProjects/MARK-IGES-Project/MARK-Tool/MARK-Tool/repos/repos2\Ekim-Yurtsever\DeepTL-Lane-Change-Classification\lane_change_risk_detection\visualization.py,,38,keras,.predict(
Ekim-Yurtsever/DeepTL-Lane-Change-Classification,Yes,C:/Users/Cristian/PycharmProjects/MARK-IGES-Project/MARK-Tool/MARK-Tool/repos/repos2\Ekim-Yurtsever\DeepTL-Lane-Change-Classification\Mask_RCNN\mask_rcnn\dataset.py,,21,keras,.predict(
Ekim-Yurtsever/DeepTL-Lane-Change-Classification,Yes,C:/Users/Cristian/PycharmProjects/MARK-IGES-Project/MARK-Tool/MARK-Tool/repos/repos2\Ekim-Yurtsever\DeepTL-Lane-Change-Classification\Mask_RCNN\mask_rcnn\keras_native_networks.py,,14,keras,.predict(
eladhoffer/seq2seq.pytorch,Yes,C:/Users/Cristian/PycharmProjects/MARK-IGES-Project/MARK-Tool/MARK-Tool/repos/repos2\eladhoffer\seq2seq.pytorch\seq2seq\tools\inference.py,,156,torch,.no_grad(
eladhoffer/seq2seq.pytorch,Yes,C:/Users/Cristian/PycharmProjects/MARK-IGES-Project/MARK-Tool/MARK-Tool/repos/repos2\eladhoffer\seq2seq.pytorch\seq2seq\tools\inference.py,,207,torch,.no_grad(
eladhoffer/seq2seq.pytorch,Yes,C:/Users/Cristian/PycharmProjects/MARK-IGES-Project/MARK-Tool/MARK-Tool/repos/repos2\eladhoffer\seq2seq.pytorch\seq2seq\tools\inference.py,,215,torch,.no_grad(
GantMan/nsfw_model,Yes,C:/Users/Cristian/PycharmProjects/MARK-IGES-Project/MARK-Tool/MARK-Tool/repos/repos2\GantMan\nsfw_model\nsfw_detector\predict.py,,64,tensorflow,.predict(
GantMan/nsfw_model,Yes,C:/Users/Cristian/PycharmProjects/MARK-IGES-Project/MARK-Tool/MARK-Tool/repos/repos2\GantMan\nsfw_model\nsfw_detector\predict.py,,64,tensorflow,.predict(
GantMan/nsfw_model,Yes,C:/Users/Cristian/PycharmProjects/MARK-IGES-Project/MARK-Tool/MARK-Tool/repos/repos2\GantMan\nsfw_model\nsfw_detector\predict.py,,64,tensorflow,.predict(
GantMan/nsfw_model,Yes,C:/Users/Cristian/PycharmProjects/MARK-IGES-Project/MARK-Tool/MARK-Tool/repos/repos2\GantMan\nsfw_model\nsfw_detector\predict.py,,75,tensorflow,.predict(
GantMan/nsfw_model,Yes,C:/Users/Cristian/PycharmProjects/MARK-IGES-Project/MARK-Tool/MARK-Tool/repos/repos2\GantMan\nsfw_model\nsfw_detector\predict.py,,75,tensorflow,.predict(
GantMan/nsfw_model,Yes,C:/Users/Cristian/PycharmProjects/MARK-IGES-Project/MARK-Tool/MARK-Tool/repos/repos2\GantMan\nsfw_model\nsfw_detector\predict.py,,75,tensorflow,.predict(
GantMan/nsfw_model,Yes,C:/Users/Cristian/PycharmProjects/MARK-IGES-Project/MARK-Tool/MARK-Tool/repos/repos2\GantMan\nsfw_model\nsfw_detector\predict.py,,77,tensorflow,.predict(
GantMan/nsfw_model,Yes,C:/Users/Cristian/PycharmProjects/MARK-IGES-Project/MARK-Tool/MARK-Tool/repos/repos2\GantMan\nsfw_model\nsfw_detector\predict.py,,77,tensorflow,.predict(
GantMan/nsfw_model,Yes,C:/Users/Cristian/PycharmProjects/MARK-IGES-Project/MARK-Tool/MARK-Tool/repos/repos2\GantMan\nsfw_model\nsfw_detector\predict.py,,77,tensorflow,.predict(
GantMan/nsfw_model,Yes,C:/Users/Cristian/PycharmProjects/MARK-IGES-Project/MARK-Tool/MARK-Tool/repos/repos2\GantMan\nsfw_model\tf1\nsfw_detector\keras_predict.py,,62,keras,.predict(
GantMan/nsfw_model,Yes,C:/Users/Cristian/PycharmProjects/MARK-IGES-Project/MARK-Tool/MARK-Tool/repos/repos2\GantMan\nsfw_model\tf1\nsfw_detector\keras_predict.py,,97,keras,.predict(
GantMan/nsfw_model,Yes,C:/Users/Cristian/PycharmProjects/MARK-IGES-Project/MARK-Tool/MARK-Tool/repos/repos2\GantMan\nsfw_model\tf1\training\self_clense.py,,33,keras,.predict(
GantMan/nsfw_model,Yes,C:/Users/Cristian/PycharmProjects/MARK-IGES-Project/MARK-Tool/MARK-Tool/repos/repos2\GantMan\nsfw_model\tf1\training\self_clense.py,,33,keras,.predict(
GantMan/nsfw_model,Yes,C:/Users/Cristian/PycharmProjects/MARK-IGES-Project/MARK-Tool/MARK-Tool/repos/repos2\GantMan\nsfw_model\tf1\training\visuals.py,,75,keras,.predict(
GantMan/nsfw_model,Yes,C:/Users/Cristian/PycharmProjects/MARK-IGES-Project/MARK-Tool/MARK-Tool/repos/repos2\GantMan\nsfw_model\tf1\training\visuals.py,,75,keras,.predict(
harish2704/pottan-ocr,Yes,C:/Users/Cristian/PycharmProjects/MARK-IGES-Project/MARK-Tool/MARK-Tool/repos/repos2\harish2704\pottan-ocr\pottan_ocr\ocr_hocr.py,,47,keras,.predict(
harish2704/pottan-ocr,Yes,C:/Users/Cristian/PycharmProjects/MARK-IGES-Project/MARK-Tool/MARK-Tool/repos/repos2\harish2704\pottan-ocr\pottan_ocr\ocr_server.py,,46,tensorflow,.predict(
harish2704/pottan-ocr,Yes,C:/Users/Cristian/PycharmProjects/MARK-IGES-Project/MARK-Tool/MARK-Tool/repos/repos2\harish2704\pottan-ocr\pottan_ocr\ocr_server.py,,46,tensorflow,.predict(
harish2704/pottan-ocr,Yes,C:/Users/Cristian/PycharmProjects/MARK-IGES-Project/MARK-Tool/MARK-Tool/repos/repos2\harish2704\pottan-ocr\pottan_ocr\ocr_server.py,,46,tensorflow,.predict(
harshbg/Sign-Language-Interpreter-using-Deep-Learning,Yes,C:/Users/Cristian/PycharmProjects/MARK-IGES-Project/MARK-Tool/MARK-Tool/repos/repos2\harshbg\Sign-Language-Interpreter-using-Deep-Learning\Code\final.py,,34,tensorflow,.predict(
harshbg/Sign-Language-Interpreter-using-Deep-Learning,Yes,C:/Users/Cristian/PycharmProjects/MARK-IGES-Project/MARK-Tool/MARK-Tool/repos/repos2\harshbg\Sign-Language-Interpreter-using-Deep-Learning\Code\final.py,,34,tensorflow,.predict(
harshbg/Sign-Language-Interpreter-using-Deep-Learning,Yes,C:/Users/Cristian/PycharmProjects/MARK-IGES-Project/MARK-Tool/MARK-Tool/repos/repos2\harshbg\Sign-Language-Interpreter-using-Deep-Learning\Code\final.py,,34,tensorflow,.predict(
harshbg/Sign-Language-Interpreter-using-Deep-Learning,Yes,C:/Users/Cristian/PycharmProjects/MARK-IGES-Project/MARK-Tool/MARK-Tool/repos/repos2\harshbg\Sign-Language-Interpreter-using-Deep-Learning\Code\final.py,,34,tensorflow,.predict(
HendrikStrobelt/detecting-fake-text,Yes,C:/Users/Cristian/PycharmProjects/MARK-IGES-Project/MARK-Tool/MARK-Tool/repos/repos2\HendrikStrobelt\detecting-fake-text\backend\api.py,,141,torch,.no_grad(
HendrikStrobelt/detecting-fake-text,Yes,C:/Users/Cristian/PycharmProjects/MARK-IGES-Project/MARK-Tool/MARK-Tool/repos/repos2\HendrikStrobelt\detecting-fake-text\backend\api.py,,264,torch,.no_grad(
hepesu/LineDistiller,Yes,C:/Users/Cristian/PycharmProjects/MARK-IGES-Project/MARK-Tool/MARK-Tool/repos/repos2\hepesu\LineDistiller\predict.py,,28,keras,.predict(
hepesu/LineDistiller,Yes,C:/Users/Cristian/PycharmProjects/MARK-IGES-Project/MARK-Tool/MARK-Tool/repos/repos2\hepesu\LineDistiller\predict_block.py,,73,keras,.predict_on_batch
hunglc007/tensorflow-yolov4-tflite,Yes,C:/Users/Cristian/PycharmProjects/MARK-IGES-Project/MARK-Tool/MARK-Tool/repos/repos2\hunglc007\tensorflow-yolov4-tflite\benchmarks.py,,95,tensorflow,.predict(
hunglc007/tensorflow-yolov4-tflite,Yes,C:/Users/Cristian/PycharmProjects/MARK-IGES-Project/MARK-Tool/MARK-Tool/repos/repos2\hunglc007\tensorflow-yolov4-tflite\benchmarks.py,,95,tensorflow,.predict(
hunglc007/tensorflow-yolov4-tflite,Yes,C:/Users/Cristian/PycharmProjects/MARK-IGES-Project/MARK-Tool/MARK-Tool/repos/repos2\hunglc007\tensorflow-yolov4-tflite\benchmarks.py,,95,tensorflow,.predict(
img2latex-master/character_classification,Yes,C:/Users/Cristian/PycharmProjects/MARK-IGES-Project/MARK-Tool/MARK-Tool/repos/repos2\img2latex-master\character_classification\app.py,,93,tensorflow,.predict(
img2latex-master/character_classification,Yes,C:/Users/Cristian/PycharmProjects/MARK-IGES-Project/MARK-Tool/MARK-Tool/repos/repos2\img2latex-master\character_classification\app.py,,93,tensorflow,.predict(
img2latex-master/character_classification,Yes,C:/Users/Cristian/PycharmProjects/MARK-IGES-Project/MARK-Tool/MARK-Tool/repos/repos2\img2latex-master\character_classification\app.py,,93,tensorflow,.predict(
img2latex-master/character_classification,Yes,C:/Users/Cristian/PycharmProjects/MARK-IGES-Project/MARK-Tool/MARK-Tool/repos/repos2\img2latex-master\character_classification\app.py,,93,tensorflow,.predict(
img2latex-master/character_classification,Yes,C:/Users/Cristian/PycharmProjects/MARK-IGES-Project/MARK-Tool/MARK-Tool/repos/repos2\img2latex-master\character_classification\app.py,,137,tensorflow,.predict(
img2latex-master/character_classification,Yes,C:/Users/Cristian/PycharmProjects/MARK-IGES-Project/MARK-Tool/MARK-Tool/repos/repos2\img2latex-master\character_classification\app.py,,137,tensorflow,.predict(
img2latex-master/character_classification,Yes,C:/Users/Cristian/PycharmProjects/MARK-IGES-Project/MARK-Tool/MARK-Tool/repos/repos2\img2latex-master\character_classification\app.py,,137,tensorflow,.predict(
img2latex-master/character_classification,Yes,C:/Users/Cristian/PycharmProjects/MARK-IGES-Project/MARK-Tool/MARK-Tool/repos/repos2\img2latex-master\character_classification\app.py,,137,tensorflow,.predict(
img2latex-master/character_classification,Yes,C:/Users/Cristian/PycharmProjects/MARK-IGES-Project/MARK-Tool/MARK-Tool/repos/repos2\img2latex-master\character_classification\notebooks\model_predict.py,,136,keras,.predict(
img2latex-master/character_classification,Yes,C:/Users/Cristian/PycharmProjects/MARK-IGES-Project/MARK-Tool/MARK-Tool/repos/repos2\img2latex-master\character_classification\notebooks\model_predict.py,,213,keras,.predict(
img2latex-master/character_classification,Yes,C:/Users/Cristian/PycharmProjects/MARK-IGES-Project/MARK-Tool/MARK-Tool/repos/repos2\img2latex-master\character_classification\notebooks\Untitled.ipynb,,136,keras,.predict(
img2latex-master/character_classification,Yes,C:/Users/Cristian/PycharmProjects/MARK-IGES-Project/MARK-Tool/MARK-Tool/repos/repos2\img2latex-master\character_classification\notebooks\Untitled.ipynb,,213,keras,.predict(
isht7/pytorch-deeplab-resnet,Yes,C:/Users/Cristian/PycharmProjects/MARK-IGES-Project/MARK-Tool/MARK-Tool/repos/repos2\isht7\pytorch-deeplab-resnet\pytorch-deeplab-resnet-master\convert_deeplab_resnet.py,,108,caffe,.forward(
isht7/pytorch-deeplab-resnet,Yes,C:/Users/Cristian/PycharmProjects/MARK-IGES-Project/MARK-Tool/MARK-Tool/repos/repos2\isht7\pytorch-deeplab-resnet\pytorch-deeplab-resnet-master\convert_deeplab_resnet.py,,108,caffe,.forward(
isht7/pytorch-deeplab-resnet,Yes,C:/Users/Cristian/PycharmProjects/MARK-IGES-Project/MARK-Tool/MARK-Tool/repos/repos2\isht7\pytorch-deeplab-resnet\pytorch-deeplab-resnet-master\init_net_surgery.py,,106,caffe,.forward(
isht7/pytorch-deeplab-resnet,Yes,C:/Users/Cristian/PycharmProjects/MARK-IGES-Project/MARK-Tool/MARK-Tool/repos/repos2\isht7\pytorch-deeplab-resnet\pytorch-deeplab-resnet-master\init_net_surgery.py,,106,caffe,.forward(
jacobgil/keras-grad-cam,Yes,C:/Users/Cristian/PycharmProjects/MARK-IGES-Project/MARK-Tool/MARK-Tool/repos/repos2\jacobgil\keras-grad-cam\grad-cam.py,,129,tensorflow,.predict(
jacobgil/keras-grad-cam,Yes,C:/Users/Cristian/PycharmProjects/MARK-IGES-Project/MARK-Tool/MARK-Tool/repos/repos2\jacobgil\keras-grad-cam\grad-cam.py,,129,tensorflow,.predict(
jacobgil/keras-grad-cam,Yes,C:/Users/Cristian/PycharmProjects/MARK-IGES-Project/MARK-Tool/MARK-Tool/repos/repos2\jacobgil\keras-grad-cam\grad-cam.py,,129,tensorflow,.predict(
jacobgil/keras-grad-cam,Yes,C:/Users/Cristian/PycharmProjects/MARK-IGES-Project/MARK-Tool/MARK-Tool/repos/repos2\jacobgil\keras-grad-cam\grad-cam.py,,129,tensorflow,.predict(
jantic/DeOldify,Yes,C:/Users/Cristian/PycharmProjects/MARK-IGES-Project/MARK-Tool/MARK-Tool/repos/repos2\jantic\DeOldify\fastai\basic_train.py,,431,fastai,.predict(
justachetan/img2latex,Yes,C:/Users/Cristian/PycharmProjects/MARK-IGES-Project/MARK-Tool/MARK-Tool/repos/repos2\justachetan\img2latex\character_classification\app.py,,93,tensorflow,.predict(
justachetan/img2latex,Yes,C:/Users/Cristian/PycharmProjects/MARK-IGES-Project/MARK-Tool/MARK-Tool/repos/repos2\justachetan\img2latex\character_classification\app.py,,93,tensorflow,.predict(
justachetan/img2latex,Yes,C:/Users/Cristian/PycharmProjects/MARK-IGES-Project/MARK-Tool/MARK-Tool/repos/repos2\justachetan\img2latex\character_classification\app.py,,93,tensorflow,.predict(
justachetan/img2latex,Yes,C:/Users/Cristian/PycharmProjects/MARK-IGES-Project/MARK-Tool/MARK-Tool/repos/repos2\justachetan\img2latex\character_classification\app.py,,93,tensorflow,.predict(
justachetan/img2latex,Yes,C:/Users/Cristian/PycharmProjects/MARK-IGES-Project/MARK-Tool/MARK-Tool/repos/repos2\justachetan\img2latex\character_classification\app.py,,137,tensorflow,.predict(
justachetan/img2latex,Yes,C:/Users/Cristian/PycharmProjects/MARK-IGES-Project/MARK-Tool/MARK-Tool/repos/repos2\justachetan\img2latex\character_classification\app.py,,137,tensorflow,.predict(
justachetan/img2latex,Yes,C:/Users/Cristian/PycharmProjects/MARK-IGES-Project/MARK-Tool/MARK-Tool/repos/repos2\justachetan\img2latex\character_classification\app.py,,137,tensorflow,.predict(
justachetan/img2latex,Yes,C:/Users/Cristian/PycharmProjects/MARK-IGES-Project/MARK-Tool/MARK-Tool/repos/repos2\justachetan\img2latex\character_classification\app.py,,137,tensorflow,.predict(
justachetan/img2latex,Yes,C:/Users/Cristian/PycharmProjects/MARK-IGES-Project/MARK-Tool/MARK-Tool/repos/repos2\justachetan\img2latex\character_classification\notebooks\model_predict.py,,136,keras,.predict(
justachetan/img2latex,Yes,C:/Users/Cristian/PycharmProjects/MARK-IGES-Project/MARK-Tool/MARK-Tool/repos/repos2\justachetan\img2latex\character_classification\notebooks\model_predict.py,,213,keras,.predict(
justachetan/img2latex,Yes,C:/Users/Cristian/PycharmProjects/MARK-IGES-Project/MARK-Tool/MARK-Tool/repos/repos2\justachetan\img2latex\character_classification\notebooks\Untitled.ipynb,,136,keras,.predict(
justachetan/img2latex,Yes,C:/Users/Cristian/PycharmProjects/MARK-IGES-Project/MARK-Tool/MARK-Tool/repos/repos2\justachetan\img2latex\character_classification\notebooks\Untitled.ipynb,,213,keras,.predict(
kainoj/colnet,Yes,C:/Users/Cristian/PycharmProjects/MARK-IGES-Project/MARK-Tool/MARK-Tool/repos/repos2\kainoj\colnet\colorize.py,,45,torch,.no_grad(
kalviny/MSDNet-PyTorch,Yes,C:/Users/Cristian/PycharmProjects/MARK-IGES-Project/MARK-Tool/MARK-Tool/repos/repos2\kalviny\MSDNet-PyTorch\adaptive_inference.py,,51,torch,.no_grad(
kalviny/MSDNet-PyTorch,Yes,C:/Users/Cristian/PycharmProjects/MARK-IGES-Project/MARK-Tool/MARK-Tool/repos/repos2\kalviny\MSDNet-PyTorch\op_counter.py,,137,torch,.forward(
keums/melodyExtraction_JDC,Yes,C:/Users/Cristian/PycharmProjects/MARK-IGES-Project/MARK-Tool/MARK-Tool/repos/repos2\keums\melodyExtraction_JDC\melodyExtraction_JDC.py,,42,keras,.predict(
keums/melodyExtraction_JDC,Yes,C:/Users/Cristian/PycharmProjects/MARK-IGES-Project/MARK-Tool/MARK-Tool/repos/repos2\keums\melodyExtraction_JDC\notebooks\JDC_melodyExtraction.ipynb,,116,keras,.predict(
LoSealL/VideoSuperResolution,Yes,C:/Users/Cristian/PycharmProjects/MARK-IGES-Project/MARK-Tool/MARK-Tool/repos/repos2\LoSealL\VideoSuperResolution\VSR\Backend\Torch\Util\Utility.py,,166,torch,.no_grad(
mdangschat/ctc-asr,Yes,C:/Users/Cristian/PycharmProjects/MARK-IGES-Project/MARK-Tool/MARK-Tool/repos/repos2\mdangschat\ctc-asr\asr\predict.py,,66,tensorflow,.predict(
mdangschat/ctc-asr,Yes,C:/Users/Cristian/PycharmProjects/MARK-IGES-Project/MARK-Tool/MARK-Tool/repos/repos2\mdangschat\ctc-asr\asr\predict.py,,66,tensorflow,.predict(
mdangschat/ctc-asr,Yes,C:/Users/Cristian/PycharmProjects/MARK-IGES-Project/MARK-Tool/MARK-Tool/repos/repos2\mdangschat\ctc-asr\asr\predict.py,,66,tensorflow,.predict(
MrGiovanni/ModelsGenesis,Yes,C:/Users/Cristian/PycharmProjects/MARK-IGES-Project/MARK-Tool/MARK-Tool/repos/repos2\MrGiovanni\ModelsGenesis\keras\downstream_tasks\utils.py,,142,tensorflow,.predict(
MrGiovanni/ModelsGenesis,Yes,C:/Users/Cristian/PycharmProjects/MARK-IGES-Project/MARK-Tool/MARK-Tool/repos/repos2\MrGiovanni\ModelsGenesis\keras\downstream_tasks\utils.py,,142,tensorflow,.predict(
MrGiovanni/ModelsGenesis,Yes,C:/Users/Cristian/PycharmProjects/MARK-IGES-Project/MARK-Tool/MARK-Tool/repos/repos2\MrGiovanni\ModelsGenesis\keras\downstream_tasks\utils.py,,142,tensorflow,.predict(
MrGiovanni/ModelsGenesis,Yes,C:/Users/Cristian/PycharmProjects/MARK-IGES-Project/MARK-Tool/MARK-Tool/repos/repos2\MrGiovanni\ModelsGenesis\keras\downstream_tasks\utils.py,,142,tensorflow,.predict(
MrGiovanni/ModelsGenesis,Yes,C:/Users/Cristian/PycharmProjects/MARK-IGES-Project/MARK-Tool/MARK-Tool/repos/repos2\MrGiovanni\ModelsGenesis\keras\downstream_tasks\utils.py,,142,tensorflow,.predict(
MrGiovanni/ModelsGenesis,Yes,C:/Users/Cristian/PycharmProjects/MARK-IGES-Project/MARK-Tool/MARK-Tool/repos/repos2\MrGiovanni\ModelsGenesis\keras\downstream_tasks\utils.py,,159,tensorflow,.predict(
MrGiovanni/ModelsGenesis,Yes,C:/Users/Cristian/PycharmProjects/MARK-IGES-Project/MARK-Tool/MARK-Tool/repos/repos2\MrGiovanni\ModelsGenesis\keras\downstream_tasks\utils.py,,159,tensorflow,.predict(
MrGiovanni/ModelsGenesis,Yes,C:/Users/Cristian/PycharmProjects/MARK-IGES-Project/MARK-Tool/MARK-Tool/repos/repos2\MrGiovanni\ModelsGenesis\keras\downstream_tasks\utils.py,,159,tensorflow,.predict(
MrGiovanni/ModelsGenesis,Yes,C:/Users/Cristian/PycharmProjects/MARK-IGES-Project/MARK-Tool/MARK-Tool/repos/repos2\MrGiovanni\ModelsGenesis\keras\downstream_tasks\utils.py,,159,tensorflow,.predict(
MrGiovanni/ModelsGenesis,Yes,C:/Users/Cristian/PycharmProjects/MARK-IGES-Project/MARK-Tool/MARK-Tool/repos/repos2\MrGiovanni\ModelsGenesis\keras\downstream_tasks\utils.py,,159,tensorflow,.predict(
msracver/Deep-Exemplar-based-Colorization,Yes,C:/Users/Cristian/PycharmProjects/MARK-IGES-Project/MARK-Tool/MARK-Tool/repos/repos2\msracver\Deep-Exemplar-based-Colorization\similarity_subnet\examples\web_demo\app.py,,151,caffe,.predict(
msracver/Deep-Exemplar-based-Colorization,Yes,C:/Users/Cristian/PycharmProjects/MARK-IGES-Project/MARK-Tool/MARK-Tool/repos/repos2\msracver\Deep-Exemplar-based-Colorization\similarity_subnet\examples\web_demo\app.py,,215,caffe,.forward(
muneebaadil/line-detection-using-cnns,Yes,C:/Users/Cristian/PycharmProjects/MARK-IGES-Project/MARK-Tool/MARK-Tool/repos/repos2\muneebaadil\line-detection-using-cnns\src\utils.py,,34,keras,.predict(
MVIG-SJTU/AlphaPose,Yes,C:/Users/Cristian/PycharmProjects/MARK-IGES-Project/MARK-Tool/MARK-Tool/repos/repos2\MVIG-SJTU\AlphaPose\alphapose\utils\detector.py,,170,torch,.no_grad(
MVIG-SJTU/AlphaPose,Yes,C:/Users/Cristian/PycharmProjects/MARK-IGES-Project/MARK-Tool/MARK-Tool/repos/repos2\MVIG-SJTU\AlphaPose\alphapose\utils\detector.py,,194,torch,.no_grad(
MVIG-SJTU/AlphaPose,Yes,C:/Users/Cristian/PycharmProjects/MARK-IGES-Project/MARK-Tool/MARK-Tool/repos/repos2\MVIG-SJTU\AlphaPose\alphapose\utils\detector.py,,221,torch,.no_grad(
MVIG-SJTU/AlphaPose,Yes,C:/Users/Cristian/PycharmProjects/MARK-IGES-Project/MARK-Tool/MARK-Tool/repos/repos2\MVIG-SJTU\AlphaPose\alphapose\utils\detector.py,,237,torch,.no_grad(
MVIG-SJTU/AlphaPose,Yes,C:/Users/Cristian/PycharmProjects/MARK-IGES-Project/MARK-Tool/MARK-Tool/repos/repos2\MVIG-SJTU\AlphaPose\alphapose\utils\detector.py,,270,torch,.no_grad(
MVIG-SJTU/AlphaPose,Yes,C:/Users/Cristian/PycharmProjects/MARK-IGES-Project/MARK-Tool/MARK-Tool/repos/repos2\MVIG-SJTU\AlphaPose\alphapose\utils\metrics.py,,174,torch,.no_grad(
MVIG-SJTU/AlphaPose,Yes,C:/Users/Cristian/PycharmProjects/MARK-IGES-Project/MARK-Tool/MARK-Tool/repos/repos2\MVIG-SJTU\AlphaPose\alphapose\utils\webcam_detector.py,,148,torch,.no_grad(
MVIG-SJTU/AlphaPose,Yes,C:/Users/Cristian/PycharmProjects/MARK-IGES-Project/MARK-Tool/MARK-Tool/repos/repos2\MVIG-SJTU\AlphaPose\alphapose\utils\webcam_detector.py,,159,torch,.no_grad(
MVIG-SJTU/AlphaPose,Yes,C:/Users/Cristian/PycharmProjects/MARK-IGES-Project/MARK-Tool/MARK-Tool/repos/repos2\MVIG-SJTU\AlphaPose\alphapose\utils\webcam_detector.py,,181,torch,.no_grad(
MVIG-SJTU/AlphaPose,Yes,C:/Users/Cristian/PycharmProjects/MARK-IGES-Project/MARK-Tool/MARK-Tool/repos/repos2\MVIG-SJTU\AlphaPose\detector\effdet_api.py,,105,torch,.no_grad(
MVIG-SJTU/AlphaPose,Yes,C:/Users/Cristian/PycharmProjects/MARK-IGES-Project/MARK-Tool/MARK-Tool/repos/repos2\MVIG-SJTU\AlphaPose\detector\effdet_api.py,,161,torch,.no_grad(
MVIG-SJTU/AlphaPose,Yes,C:/Users/Cristian/PycharmProjects/MARK-IGES-Project/MARK-Tool/MARK-Tool/repos/repos2\MVIG-SJTU\AlphaPose\detector\effdet_api.py,,231,torch,.no_grad(
MVIG-SJTU/AlphaPose,Yes,C:/Users/Cristian/PycharmProjects/MARK-IGES-Project/MARK-Tool/MARK-Tool/repos/repos2\MVIG-SJTU\AlphaPose\detector\tracker_api.py,,109,torch,.no_grad(
MVIG-SJTU/AlphaPose,Yes,C:/Users/Cristian/PycharmProjects/MARK-IGES-Project/MARK-Tool/MARK-Tool/repos/repos2\MVIG-SJTU\AlphaPose\detector\yolox_api.py,,90,torch,.no_grad(
MVIG-SJTU/AlphaPose,Yes,C:/Users/Cristian/PycharmProjects/MARK-IGES-Project/MARK-Tool/MARK-Tool/repos/repos2\MVIG-SJTU\AlphaPose\detector\yolox_api.py,,160,torch,.no_grad(
MVIG-SJTU/AlphaPose,Yes,C:/Users/Cristian/PycharmProjects/MARK-IGES-Project/MARK-Tool/MARK-Tool/repos/repos2\MVIG-SJTU\AlphaPose\detector\yolo_api.py,,92,torch,.no_grad(
MVIG-SJTU/AlphaPose,Yes,C:/Users/Cristian/PycharmProjects/MARK-IGES-Project/MARK-Tool/MARK-Tool/repos/repos2\MVIG-SJTU\AlphaPose\detector\yolo_api.py,,259,torch,.no_grad(
MVIG-SJTU/AlphaPose,Yes,C:/Users/Cristian/PycharmProjects/MARK-IGES-Project/MARK-Tool/MARK-Tool/repos/repos2\MVIG-SJTU\AlphaPose\detector\tracker\tracker\multitracker.py,,183,torch,.no_grad(
MVIG-SJTU/AlphaPose,Yes,C:/Users/Cristian/PycharmProjects/MARK-IGES-Project/MARK-Tool/MARK-Tool/repos/repos2\MVIG-SJTU\AlphaPose\detector\yolo\detect.py,,73,torch,.no_grad(
MVIG-SJTU/AlphaPose,Yes,C:/Users/Cristian/PycharmProjects/MARK-IGES-Project/MARK-Tool/MARK-Tool/repos/repos2\MVIG-SJTU\AlphaPose\detector\yolo\video_demo.py,,138,torch,.no_grad(
MVIG-SJTU/AlphaPose,Yes,C:/Users/Cristian/PycharmProjects/MARK-IGES-Project/MARK-Tool/MARK-Tool/repos/repos2\MVIG-SJTU\AlphaPose\detector\yolox\tools\demo.py,,156,torch,.no_grad(
MVIG-SJTU/AlphaPose,Yes,C:/Users/Cristian/PycharmProjects/MARK-IGES-Project/MARK-Tool/MARK-Tool/repos/repos2\MVIG-SJTU\AlphaPose\scripts\demo_3d_inference.py,,228,torch,.no_grad(
MVIG-SJTU/AlphaPose,Yes,C:/Users/Cristian/PycharmProjects/MARK-IGES-Project/MARK-Tool/MARK-Tool/repos/repos2\MVIG-SJTU\AlphaPose\scripts\demo_api.py,,139,torch,.no_grad(
MVIG-SJTU/AlphaPose,Yes,C:/Users/Cristian/PycharmProjects/MARK-IGES-Project/MARK-Tool/MARK-Tool/repos/repos2\MVIG-SJTU\AlphaPose\scripts\demo_api.py,,150,torch,.no_grad(
MVIG-SJTU/AlphaPose,Yes,C:/Users/Cristian/PycharmProjects/MARK-IGES-Project/MARK-Tool/MARK-Tool/repos/repos2\MVIG-SJTU\AlphaPose\scripts\demo_api.py,,172,torch,.no_grad(
MVIG-SJTU/AlphaPose,Yes,C:/Users/Cristian/PycharmProjects/MARK-IGES-Project/MARK-Tool/MARK-Tool/repos/repos2\MVIG-SJTU\AlphaPose\scripts\demo_api.py,,322,torch,.no_grad(
MVIG-SJTU/AlphaPose,Yes,C:/Users/Cristian/PycharmProjects/MARK-IGES-Project/MARK-Tool/MARK-Tool/repos/repos2\MVIG-SJTU\AlphaPose\scripts\demo_inference.py,,226,torch,.no_grad(
MVIG-SJTU/AlphaPose,Yes,C:/Users/Cristian/PycharmProjects/MARK-IGES-Project/MARK-Tool/MARK-Tool/repos/repos2\MVIG-SJTU\AlphaPose\trackers\tracker_api.py,,230,torch,.no_grad(
MVIG-SJTU/AlphaPose,Yes,C:/Users/Cristian/PycharmProjects/MARK-IGES-Project/MARK-Tool/MARK-Tool/repos/repos2\MVIG-SJTU\AlphaPose\trackers\ReidModels\classification\classifier.py,,85,torch,.no_grad(
MVIG-SJTU/AlphaPose,Yes,C:/Users/Cristian/PycharmProjects/MARK-IGES-Project/MARK-Tool/MARK-Tool/repos/repos2\MVIG-SJTU\AlphaPose\trackers\ReidModels\reid\__init__.py,,48,torch,.no_grad(
N2ITN/are-you-fake-news,Yes,C:/Users/Cristian/PycharmProjects/MARK-IGES-Project/MARK-Tool/MARK-Tool/repos/repos2\N2ITN\are-you-fake-news\docker\predict\cnn_predict.py,,65,tensorflow,.predict(
N2ITN/are-you-fake-news,Yes,C:/Users/Cristian/PycharmProjects/MARK-IGES-Project/MARK-Tool/MARK-Tool/repos/repos2\N2ITN\are-you-fake-news\docker\predict\cnn_predict.py,,65,tensorflow,.predict(
N2ITN/are-you-fake-news,Yes,C:/Users/Cristian/PycharmProjects/MARK-IGES-Project/MARK-Tool/MARK-Tool/repos/repos2\N2ITN\are-you-fake-news\docker\predict\cnn_predict.py,,65,tensorflow,.predict(
N2ITN/are-you-fake-news,Yes,C:/Users/Cristian/PycharmProjects/MARK-IGES-Project/MARK-Tool/MARK-Tool/repos/repos2\N2ITN\are-you-fake-news\docker\train\dnn_predict.py,,70,tensorflow,.predict(
N2ITN/are-you-fake-news,Yes,C:/Users/Cristian/PycharmProjects/MARK-IGES-Project/MARK-Tool/MARK-Tool/repos/repos2\N2ITN\are-you-fake-news\docker\train\dnn_predict.py,,70,tensorflow,.predict(
N2ITN/are-you-fake-news,Yes,C:/Users/Cristian/PycharmProjects/MARK-IGES-Project/MARK-Tool/MARK-Tool/repos/repos2\N2ITN\are-you-fake-news\docker\train\dnn_predict.py,,70,tensorflow,.predict(
N2ITN/are-you-fake-news,Yes,C:/Users/Cristian/PycharmProjects/MARK-IGES-Project/MARK-Tool/MARK-Tool/repos/repos2\N2ITN\are-you-fake-news\docker\train\nn_predict.py,,54,tensorflow,.predict(
N2ITN/are-you-fake-news,Yes,C:/Users/Cristian/PycharmProjects/MARK-IGES-Project/MARK-Tool/MARK-Tool/repos/repos2\N2ITN\are-you-fake-news\docker\train\nn_predict.py,,54,tensorflow,.predict(
N2ITN/are-you-fake-news,Yes,C:/Users/Cristian/PycharmProjects/MARK-IGES-Project/MARK-Tool/MARK-Tool/repos/repos2\N2ITN\are-you-fake-news\docker\train\nn_predict.py,,54,tensorflow,.predict(
nearthlab/image-segmentation,Yes,C:/Users/Cristian/PycharmProjects/MARK-IGES-Project/MARK-Tool/MARK-Tool/repos/repos2\nearthlab\image-segmentation\examples\imagenet\imagenet_ex.py,,35,keras,.predict(
nearthlab/image-segmentation,Yes,C:/Users/Cristian/PycharmProjects/MARK-IGES-Project/MARK-Tool/MARK-Tool/repos/repos2\nearthlab\image-segmentation\image-segmentation\keras_model_wrapper\semantic_model_wrapper.py,,121,tensorflow,.predict(
nearthlab/image-segmentation,Yes,C:/Users/Cristian/PycharmProjects/MARK-IGES-Project/MARK-Tool/MARK-Tool/repos/repos2\nearthlab\image-segmentation\image-segmentation\keras_model_wrapper\semantic_model_wrapper.py,,121,tensorflow,.predict(
nearthlab/image-segmentation,Yes,C:/Users/Cristian/PycharmProjects/MARK-IGES-Project/MARK-Tool/MARK-Tool/repos/repos2\nearthlab\image-segmentation\image-segmentation\keras_model_wrapper\semantic_model_wrapper.py,,121,tensorflow,.predict(
nearthlab/image-segmentation,Yes,C:/Users/Cristian/PycharmProjects/MARK-IGES-Project/MARK-Tool/MARK-Tool/repos/repos2\nearthlab\image-segmentation\image-segmentation\keras_model_wrapper\semantic_model_wrapper.py,,121,tensorflow,.predict(
nearthlab/image-segmentation,Yes,C:/Users/Cristian/PycharmProjects/MARK-IGES-Project/MARK-Tool/MARK-Tool/repos/repos2\nearthlab\image-segmentation\image-segmentation\keras_model_wrapper\semantic_model_wrapper.py,,127,tensorflow,.predict(
nearthlab/image-segmentation,Yes,C:/Users/Cristian/PycharmProjects/MARK-IGES-Project/MARK-Tool/MARK-Tool/repos/repos2\nearthlab\image-segmentation\image-segmentation\keras_model_wrapper\semantic_model_wrapper.py,,127,tensorflow,.predict(
nearthlab/image-segmentation,Yes,C:/Users/Cristian/PycharmProjects/MARK-IGES-Project/MARK-Tool/MARK-Tool/repos/repos2\nearthlab\image-segmentation\image-segmentation\keras_model_wrapper\semantic_model_wrapper.py,,127,tensorflow,.predict(
nearthlab/image-segmentation,Yes,C:/Users/Cristian/PycharmProjects/MARK-IGES-Project/MARK-Tool/MARK-Tool/repos/repos2\nearthlab\image-segmentation\image-segmentation\keras_model_wrapper\semantic_model_wrapper.py,,127,tensorflow,.predict(
nearthlab/image-segmentation,Yes,C:/Users/Cristian/PycharmProjects/MARK-IGES-Project/MARK-Tool/MARK-Tool/repos/repos2\nearthlab\image-segmentation\image-segmentation\models\image_classifier.py,,60,tensorflow,.predict(
nearthlab/image-segmentation,Yes,C:/Users/Cristian/PycharmProjects/MARK-IGES-Project/MARK-Tool/MARK-Tool/repos/repos2\nearthlab\image-segmentation\image-segmentation\models\image_classifier.py,,60,tensorflow,.predict(
nearthlab/image-segmentation,Yes,C:/Users/Cristian/PycharmProjects/MARK-IGES-Project/MARK-Tool/MARK-Tool/repos/repos2\nearthlab\image-segmentation\image-segmentation\models\image_classifier.py,,60,tensorflow,.predict(
nearthlab/image-segmentation,Yes,C:/Users/Cristian/PycharmProjects/MARK-IGES-Project/MARK-Tool/MARK-Tool/repos/repos2\nearthlab\image-segmentation\image-segmentation\models\image_classifier.py,,60,tensorflow,.predict(
nearthlab/image-segmentation,Yes,C:/Users/Cristian/PycharmProjects/MARK-IGES-Project/MARK-Tool/MARK-Tool/repos/repos2\nearthlab\image-segmentation\image-segmentation\models\image_classifier.py,,64,tensorflow,.predict(
nearthlab/image-segmentation,Yes,C:/Users/Cristian/PycharmProjects/MARK-IGES-Project/MARK-Tool/MARK-Tool/repos/repos2\nearthlab\image-segmentation\image-segmentation\models\image_classifier.py,,64,tensorflow,.predict(
nearthlab/image-segmentation,Yes,C:/Users/Cristian/PycharmProjects/MARK-IGES-Project/MARK-Tool/MARK-Tool/repos/repos2\nearthlab\image-segmentation\image-segmentation\models\image_classifier.py,,64,tensorflow,.predict(
nearthlab/image-segmentation,Yes,C:/Users/Cristian/PycharmProjects/MARK-IGES-Project/MARK-Tool/MARK-Tool/repos/repos2\nearthlab\image-segmentation\image-segmentation\models\image_classifier.py,,64,tensorflow,.predict(
paulfitz/mlsql,Yes,C:/Users/Cristian/PycharmProjects/MARK-IGES-Project/MARK-Tool/MARK-Tool/repos/repos2\paulfitz\mlsql\valuenet\server\prediction_server.py,,73,torch,.no_grad(
phillipi/pix2pix,Yes,C:/Users/Cristian/PycharmProjects/MARK-IGES-Project/MARK-Tool/MARK-Tool/repos/repos2\phillipi\pix2pix\scripts\edges\batch_hed.py,,73,caffe,.forward(
PurduePAML/TrojanNN,Yes,C:/Users/Cristian/PycharmProjects/MARK-IGES-Project/MARK-Tool/MARK-Tool/repos/repos2\PurduePAML\TrojanNN\code\gen_trigger\act_max.tvd.center_part.py,,114,caffe,.forward(
PurduePAML/TrojanNN,Yes,C:/Users/Cristian/PycharmProjects/MARK-IGES-Project/MARK-Tool/MARK-Tool/repos/repos2\PurduePAML\TrojanNN\code\gen_trigger\act_max.tvd.center_part.py,,224,caffe,.forward(
PurduePAML/TrojanNN,Yes,C:/Users/Cristian/PycharmProjects/MARK-IGES-Project/MARK-Tool/MARK-Tool/repos/repos2\PurduePAML\TrojanNN\code\gen_trigger\act_max.tvd.center_part.py,,316,caffe,.forward(
PurduePAML/TrojanNN,Yes,C:/Users/Cristian/PycharmProjects/MARK-IGES-Project/MARK-Tool/MARK-Tool/repos/repos2\PurduePAML\TrojanNN\code\gen_trigger\act_max.tvd.center_part.py,,437,caffe,.forward(
PurduePAML/TrojanNN,Yes,C:/Users/Cristian/PycharmProjects/MARK-IGES-Project/MARK-Tool/MARK-Tool/repos/repos2\PurduePAML\TrojanNN\code\retrain\vgg_fc6.py,,85,caffe,.forward(
PurduePAML/TrojanNN,Yes,C:/Users/Cristian/PycharmProjects/MARK-IGES-Project/MARK-Tool/MARK-Tool/repos/repos2\PurduePAML\TrojanNN\code\retrain\vgg_fc6.py,,109,caffe,.forward(
PurduePAML/TrojanNN,Yes,C:/Users/Cristian/PycharmProjects/MARK-IGES-Project/MARK-Tool/MARK-Tool/repos/repos2\PurduePAML\TrojanNN\code\retrain\vgg_fc6.py,,137,caffe,.forward(
pytorch/examples,Yes,C:/Users/Cristian/PycharmProjects/MARK-IGES-Project/MARK-Tool/MARK-Tool/repos/repos2\pytorch\examples\word_language_model\generate.py,,87,torch,.no_grad(
r9y9/nnsvs,Yes,C:/Users/Cristian/PycharmProjects/MARK-IGES-Project/MARK-Tool/MARK-Tool/repos/repos2\r9y9\nnsvs\nnsvs\gen.py,,51,torch,.no_grad(
r9y9/nnsvs,Yes,C:/Users/Cristian/PycharmProjects/MARK-IGES-Project/MARK-Tool/MARK-Tool/repos/repos2\r9y9\nnsvs\nnsvs\gen.py,,209,torch,.no_grad(
r9y9/nnsvs,Yes,C:/Users/Cristian/PycharmProjects/MARK-IGES-Project/MARK-Tool/MARK-Tool/repos/repos2\r9y9\nnsvs\nnsvs\gen.py,,419,torch,.no_grad(
r9y9/nnsvs,Yes,C:/Users/Cristian/PycharmProjects/MARK-IGES-Project/MARK-Tool/MARK-Tool/repos/repos2\r9y9\nnsvs\nnsvs\gen.py,,509,torch,.no_grad(
r9y9/nnsvs,Yes,C:/Users/Cristian/PycharmProjects/MARK-IGES-Project/MARK-Tool/MARK-Tool/repos/repos2\r9y9\nnsvs\nnsvs\gen.py,,643,torch,.no_grad(
r9y9/nnsvs,Yes,C:/Users/Cristian/PycharmProjects/MARK-IGES-Project/MARK-Tool/MARK-Tool/repos/repos2\r9y9\nnsvs\nnsvs\gen.py,,860,torch,.no_grad(
r9y9/nnsvs,Yes,C:/Users/Cristian/PycharmProjects/MARK-IGES-Project/MARK-Tool/MARK-Tool/repos/repos2\r9y9\nnsvs\nnsvs\train_util.py,,1087,torch,.no_grad(
r9y9/nnsvs,Yes,C:/Users/Cristian/PycharmProjects/MARK-IGES-Project/MARK-Tool/MARK-Tool/repos/repos2\r9y9\nnsvs\nnsvs\train_util.py,,1163,torch,.no_grad(
r9y9/nnsvs,Yes,C:/Users/Cristian/PycharmProjects/MARK-IGES-Project/MARK-Tool/MARK-Tool/repos/repos2\r9y9\nnsvs\nnsvs\train_util.py,,1483,torch,.no_grad(
r9y9/nnsvs,Yes,C:/Users/Cristian/PycharmProjects/MARK-IGES-Project/MARK-Tool/MARK-Tool/repos/repos2\r9y9\nnsvs\nnsvs\train_util.py,,1550,torch,.no_grad(
r9y9/nnsvs,Yes,C:/Users/Cristian/PycharmProjects/MARK-IGES-Project/MARK-Tool/MARK-Tool/repos/repos2\r9y9\nnsvs\nnsvs\train_util.py,,1809,torch,.no_grad(
r9y9/nnsvs,Yes,C:/Users/Cristian/PycharmProjects/MARK-IGES-Project/MARK-Tool/MARK-Tool/repos/repos2\r9y9\nnsvs\nnsvs\train_util.py,,2010,torch,.no_grad(
r9y9/nnsvs,Yes,C:/Users/Cristian/PycharmProjects/MARK-IGES-Project/MARK-Tool/MARK-Tool/repos/repos2\r9y9\nnsvs\nnsvs\train_util.py,,2259,torch,.no_grad(
r9y9/nnsvs,Yes,C:/Users/Cristian/PycharmProjects/MARK-IGES-Project/MARK-Tool/MARK-Tool/repos/repos2\r9y9\nnsvs\nnsvs\bin\anasyn.py,,21,torch,.no_grad(
r9y9/nnsvs,Yes,C:/Users/Cristian/PycharmProjects/MARK-IGES-Project/MARK-Tool/MARK-Tool/repos/repos2\r9y9\nnsvs\nnsvs\bin\generate.py,,48,torch,.no_grad(
r9y9/nnsvs,Yes,C:/Users/Cristian/PycharmProjects/MARK-IGES-Project/MARK-Tool/MARK-Tool/repos/repos2\r9y9\nnsvs\nnsvs\bin\gen_static_features.py,,31,torch,.no_grad(
r9y9/nnsvs,Yes,C:/Users/Cristian/PycharmProjects/MARK-IGES-Project/MARK-Tool/MARK-Tool/repos/repos2\r9y9\nnsvs\nnsvs\usfgan\utils\features.py,,111,torch,.no_grad(
r9y9/nnsvs,Yes,C:/Users/Cristian/PycharmProjects/MARK-IGES-Project/MARK-Tool/MARK-Tool/repos/repos2\r9y9\nnsvs\nnsvs\usfgan\utils\features.py,,128,torch,.no_grad(
r9y9/nnsvs,Yes,C:/Users/Cristian/PycharmProjects/MARK-IGES-Project/MARK-Tool/MARK-Tool/repos/repos2\r9y9\nnsvs\nnsvs\usfgan\utils\features.py,,144,torch,.no_grad(
r9y9/nnsvs,Yes,C:/Users/Cristian/PycharmProjects/MARK-IGES-Project/MARK-Tool/MARK-Tool/repos/repos2\r9y9\nnsvs\nnsvs\usfgan\utils\features.py,,166,torch,.no_grad(
r9y9/nnsvs,Yes,C:/Users/Cristian/PycharmProjects/MARK-IGES-Project/MARK-Tool/MARK-Tool/repos/repos2\r9y9\nnsvs\nnsvs\wavenet\conv.py,,51,torch,.no_grad(
r9y9/nnsvs,Yes,C:/Users/Cristian/PycharmProjects/MARK-IGES-Project/MARK-Tool/MARK-Tool/repos/repos2\r9y9\nnsvs\tests\util.py,,15,torch,.no_grad(
rafellerc/Pytorch-SiamFC,Yes,C:/Users/Cristian/PycharmProjects/MARK-IGES-Project/MARK-Tool/MARK-Tool/repos/repos2\rafellerc\Pytorch-SiamFC\appSiamFC\producer.py,,78,torch,.no_grad(
rafellerc/Pytorch-SiamFC,Yes,C:/Users/Cristian/PycharmProjects/MARK-IGES-Project/MARK-Tool/MARK-Tool/repos/repos2\rafellerc\Pytorch-SiamFC\appSiamFC\producer.py,,132,torch,.no_grad(
rwightman/pytorch-image-models,Yes,C:/Users/Cristian/PycharmProjects/MARK-IGES-Project/MARK-Tool/MARK-Tool/repos/repos2\rwightman\pytorch-image-models\inference.py,,276,torch,.no_grad(
rwightman/pytorch-image-models,Yes,C:/Users/Cristian/PycharmProjects/MARK-IGES-Project/MARK-Tool/MARK-Tool/repos/repos2\rwightman\pytorch-image-models\convert\convert_from_mxnet.py,,17,mxnet,pretrained=True
rwightman/pytorch-image-models,Yes,C:/Users/Cristian/PycharmProjects/MARK-IGES-Project/MARK-Tool/MARK-Tool/repos/repos2\rwightman\pytorch-image-models\timm\layers\weight_init.py,,66,torch,.no_grad(
rwightman/pytorch-image-models,Yes,C:/Users/Cristian/PycharmProjects/MARK-IGES-Project/MARK-Tool/MARK-Tool/repos/repos2\rwightman\pytorch-image-models\timm\layers\weight_init.py,,93,torch,.no_grad(
rwightman/pytorch-image-models,Yes,C:/Users/Cristian/PycharmProjects/MARK-IGES-Project/MARK-Tool/MARK-Tool/repos/repos2\rwightman\pytorch-image-models\timm\layers\weight_init.py,,114,torch,.no_grad(
rwightman/pytorch-image-models,Yes,C:/Users/Cristian/PycharmProjects/MARK-IGES-Project/MARK-Tool/MARK-Tool/repos/repos2\rwightman\pytorch-image-models\timm\layers\weight_init.py,,118,torch,.no_grad(
rwightman/pytorch-image-models,Yes,C:/Users/Cristian/PycharmProjects/MARK-IGES-Project/MARK-Tool/MARK-Tool/repos/repos2\rwightman\pytorch-image-models\timm\optim\adabelief.py,,88,torch,.no_grad(
rwightman/pytorch-image-models,Yes,C:/Users/Cristian/PycharmProjects/MARK-IGES-Project/MARK-Tool/MARK-Tool/repos/repos2\rwightman\pytorch-image-models\timm\optim\adabelief.py,,106,torch,.no_grad(
rwightman/pytorch-image-models,Yes,C:/Users/Cristian/PycharmProjects/MARK-IGES-Project/MARK-Tool/MARK-Tool/repos/repos2\rwightman\pytorch-image-models\timm\optim\adafactor.py,,127,torch,.no_grad(
rwightman/pytorch-image-models,Yes,C:/Users/Cristian/PycharmProjects/MARK-IGES-Project/MARK-Tool/MARK-Tool/repos/repos2\rwightman\pytorch-image-models\timm\optim\adafactor_bv.py,,124,torch,.no_grad(
rwightman/pytorch-image-models,Yes,C:/Users/Cristian/PycharmProjects/MARK-IGES-Project/MARK-Tool/MARK-Tool/repos/repos2\rwightman\pytorch-image-models\timm\optim\adahessian.py,,90,torch,.no_grad(
rwightman/pytorch-image-models,Yes,C:/Users/Cristian/PycharmProjects/MARK-IGES-Project/MARK-Tool/MARK-Tool/repos/repos2\rwightman\pytorch-image-models\timm\optim\adahessian.py,,118,torch,.no_grad(
rwightman/pytorch-image-models,Yes,C:/Users/Cristian/PycharmProjects/MARK-IGES-Project/MARK-Tool/MARK-Tool/repos/repos2\rwightman\pytorch-image-models\timm\optim\adamp.py,,66,torch,.no_grad(
rwightman/pytorch-image-models,Yes,C:/Users/Cristian/PycharmProjects/MARK-IGES-Project/MARK-Tool/MARK-Tool/repos/repos2\rwightman\pytorch-image-models\timm\optim\adamw.py,,100,torch,.no_grad(
rwightman/pytorch-image-models,Yes,C:/Users/Cristian/PycharmProjects/MARK-IGES-Project/MARK-Tool/MARK-Tool/repos/repos2\rwightman\pytorch-image-models\timm\optim\adan.py,,101,torch,.no_grad(
rwightman/pytorch-image-models,Yes,C:/Users/Cristian/PycharmProjects/MARK-IGES-Project/MARK-Tool/MARK-Tool/repos/repos2\rwightman\pytorch-image-models\timm\optim\adan.py,,117,torch,.no_grad(
rwightman/pytorch-image-models,Yes,C:/Users/Cristian/PycharmProjects/MARK-IGES-Project/MARK-Tool/MARK-Tool/repos/repos2\rwightman\pytorch-image-models\timm\optim\adopt.py,,188,torch,.no_grad(
rwightman/pytorch-image-models,Yes,C:/Users/Cristian/PycharmProjects/MARK-IGES-Project/MARK-Tool/MARK-Tool/repos/repos2\rwightman\pytorch-image-models\timm\optim\kron.py,,217,torch,.no_grad(
rwightman/pytorch-image-models,Yes,C:/Users/Cristian/PycharmProjects/MARK-IGES-Project/MARK-Tool/MARK-Tool/repos/repos2\rwightman\pytorch-image-models\timm\optim\lamb.py,,147,torch,.no_grad(
rwightman/pytorch-image-models,Yes,C:/Users/Cristian/PycharmProjects/MARK-IGES-Project/MARK-Tool/MARK-Tool/repos/repos2\rwightman\pytorch-image-models\timm\optim\laprop.py,,66,torch,.no_grad(
rwightman/pytorch-image-models,Yes,C:/Users/Cristian/PycharmProjects/MARK-IGES-Project/MARK-Tool/MARK-Tool/repos/repos2\rwightman\pytorch-image-models\timm\optim\lars.py,,75,torch,.no_grad(
rwightman/pytorch-image-models,Yes,C:/Users/Cristian/PycharmProjects/MARK-IGES-Project/MARK-Tool/MARK-Tool/repos/repos2\rwightman\pytorch-image-models\timm\optim\lion.py,,81,torch,.no_grad(
rwightman/pytorch-image-models,Yes,C:/Users/Cristian/PycharmProjects/MARK-IGES-Project/MARK-Tool/MARK-Tool/repos/repos2\rwightman\pytorch-image-models\timm\optim\lookahead.py,,35,torch,.no_grad(
rwightman/pytorch-image-models,Yes,C:/Users/Cristian/PycharmProjects/MARK-IGES-Project/MARK-Tool/MARK-Tool/repos/repos2\rwightman\pytorch-image-models\timm\optim\lookahead.py,,52,torch,.no_grad(
rwightman/pytorch-image-models,Yes,C:/Users/Cristian/PycharmProjects/MARK-IGES-Project/MARK-Tool/MARK-Tool/repos/repos2\rwightman\pytorch-image-models\timm\optim\madgrad.py,,90,torch,.no_grad(
rwightman/pytorch-image-models,Yes,C:/Users/Cristian/PycharmProjects/MARK-IGES-Project/MARK-Tool/MARK-Tool/repos/repos2\rwightman\pytorch-image-models\timm\optim\mars.py,,141,torch,.no_grad(
rwightman/pytorch-image-models,Yes,C:/Users/Cristian/PycharmProjects/MARK-IGES-Project/MARK-Tool/MARK-Tool/repos/repos2\rwightman\pytorch-image-models\timm\optim\nadam.py,,52,torch,.no_grad(
rwightman/pytorch-image-models,Yes,C:/Users/Cristian/PycharmProjects/MARK-IGES-Project/MARK-Tool/MARK-Tool/repos/repos2\rwightman\pytorch-image-models\timm\optim\nadamw.py,,89,torch,.no_grad(
rwightman/pytorch-image-models,Yes,C:/Users/Cristian/PycharmProjects/MARK-IGES-Project/MARK-Tool/MARK-Tool/repos/repos2\rwightman\pytorch-image-models\timm\optim\nvnovograd.py,,66,torch,.no_grad(
rwightman/pytorch-image-models,Yes,C:/Users/Cristian/PycharmProjects/MARK-IGES-Project/MARK-Tool/MARK-Tool/repos/repos2\rwightman\pytorch-image-models\timm\optim\radam.py,,37,torch,.no_grad(
rwightman/pytorch-image-models,Yes,C:/Users/Cristian/PycharmProjects/MARK-IGES-Project/MARK-Tool/MARK-Tool/repos/repos2\rwightman\pytorch-image-models\timm\optim\rmsprop_tf.py,,98,torch,.no_grad(
rwightman/pytorch-image-models,Yes,C:/Users/Cristian/PycharmProjects/MARK-IGES-Project/MARK-Tool/MARK-Tool/repos/repos2\rwightman\pytorch-image-models\timm\optim\sgdp.py,,44,torch,.no_grad(
rwightman/pytorch-image-models,Yes,C:/Users/Cristian/PycharmProjects/MARK-IGES-Project/MARK-Tool/MARK-Tool/repos/repos2\rwightman\pytorch-image-models\timm\optim\sgdw.py,,94,torch,.no_grad(
SaltieRL/Saltie,Yes,C:/Users/Cristian/PycharmProjects/MARK-IGES-Project/MARK-Tool/MARK-Tool/repos/repos2\SaltieRL\Saltie\agents\levi\levi_agent.py,,80,torch,.no_grad(
SaltieRL/Saltie,Yes,C:/Users/Cristian/PycharmProjects/MARK-IGES-Project/MARK-Tool/MARK-Tool/repos/repos2\SaltieRL\Saltie\agents\levi\levi_agent.py,,81,torch,.forward(
SaltieRL/Saltie,Yes,C:/Users/Cristian/PycharmProjects/MARK-IGES-Project/MARK-Tool/MARK-Tool/repos/repos2\SaltieRL\Saltie\agents\levitate\levitate_agent.py,,53,torch,.no_grad(
SaltieRL/Saltie,Yes,C:/Users/Cristian/PycharmProjects/MARK-IGES-Project/MARK-Tool/MARK-Tool/repos/repos2\SaltieRL\Saltie\agents\levitate\levitate_agent.py,,54,torch,.forward(
SaltieRL/Saltie,Yes,C:/Users/Cristian/PycharmProjects/MARK-IGES-Project/MARK-Tool/MARK-Tool/repos/repos2\SaltieRL\Saltie\agents\self_evolving_car\train.py,,78,torch,.no_grad(
SaltieRL/Saltie,Yes,C:/Users/Cristian/PycharmProjects/MARK-IGES-Project/MARK-Tool/MARK-Tool/repos/repos2\SaltieRL\Saltie\agents\self_evolving_car\train.py,,79,torch,.forward(
SaltieRL/Saltie,Yes,C:/Users/Cristian/PycharmProjects/MARK-IGES-Project/MARK-Tool/MARK-Tool/repos/repos2\SaltieRL\Saltie\agents\torch_model\torch_model.py,,92,torch,.no_grad(
SaltieRL/Saltie,Yes,C:/Users/Cristian/PycharmProjects/MARK-IGES-Project/MARK-Tool/MARK-Tool/repos/repos2\SaltieRL\Saltie\agents\torch_model\torch_model.py,,93,torch,.forward(
shibing624/pycorrector,Yes,C:/Users/Cristian/PycharmProjects/MARK-IGES-Project/MARK-Tool/MARK-Tool/repos/repos2\shibing624\pycorrector\examples\macbert\predict_ckpt.py,,61,transformers,.predict(
shibing624/pycorrector,Yes,C:/Users/Cristian/PycharmProjects/MARK-IGES-Project/MARK-Tool/MARK-Tool/repos/repos2\shibing624\pycorrector\examples\macbert\predict_ckpt.py,,83,transformers,.predict(
shibing624/pycorrector,Yes,C:/Users/Cristian/PycharmProjects/MARK-IGES-Project/MARK-Tool/MARK-Tool/repos/repos2\shibing624\pycorrector\pycorrector\macbert\macbert_corrector.py,,46,torch,.no_grad(
shibing624/pycorrector,Yes,C:/Users/Cristian/PycharmProjects/MARK-IGES-Project/MARK-Tool/MARK-Tool/repos/repos2\shibing624\pycorrector\pycorrector\mucgec_bart\monkey_pack.py,,24,torch,.no_grad(
shibing624/pycorrector,Yes,C:/Users/Cristian/PycharmProjects/MARK-IGES-Project/MARK-Tool/MARK-Tool/repos/repos2\shibing624\pycorrector\pycorrector\mucgec_bart\monkey_pack.py,,28,torch,.forward(
shibing624/pycorrector,Yes,C:/Users/Cristian/PycharmProjects/MARK-IGES-Project/MARK-Tool/MARK-Tool/repos/repos2\shibing624\pycorrector\pycorrector\mucgec_bart\monkey_pack.py,,32,torch,.forward(
shibing624/pycorrector,Yes,C:/Users/Cristian/PycharmProjects/MARK-IGES-Project/MARK-Tool/MARK-Tool/repos/repos2\shibing624\pycorrector\pycorrector\t5\t5_corrector.py,,41,torch,.no_grad(
slundberg/shap,Yes,C:/Users/Cristian/PycharmProjects/MARK-IGES-Project/MARK-Tool/MARK-Tool/repos/repos2\slundberg\shap\notebooks\tabular_examples\tree_based_models\NHANES I Survival Model.ipynb,,158,sklearn,.predict(
slundberg/shap,Yes,C:/Users/Cristian/PycharmProjects/MARK-IGES-Project/MARK-Tool/MARK-Tool/repos/repos2\slundberg\shap\shap\benchmark\_sequential.py,,57,sklearn,.predict(
slundberg/shap,Yes,C:/Users/Cristian/PycharmProjects/MARK-IGES-Project/MARK-Tool/MARK-Tool/repos/repos2\slundberg\shap\shap\explainers\pytree.py,,38,xgboost,.predict(
slundberg/shap,Yes,C:/Users/Cristian/PycharmProjects/MARK-IGES-Project/MARK-Tool/MARK-Tool/repos/repos2\slundberg\shap\shap\explainers\pytree.py,,40,xgboost,.predict(
slundberg/shap,Yes,C:/Users/Cristian/PycharmProjects/MARK-IGES-Project/MARK-Tool/MARK-Tool/repos/repos2\slundberg\shap\shap\explainers\pytree.py,,86,xgboost,.predict(
slundberg/shap,Yes,C:/Users/Cristian/PycharmProjects/MARK-IGES-Project/MARK-Tool/MARK-Tool/repos/repos2\slundberg\shap\shap\explainers\pytree.py,,178,xgboost,.predict(
slundberg/shap,Yes,C:/Users/Cristian/PycharmProjects/MARK-IGES-Project/MARK-Tool/MARK-Tool/repos/repos2\slundberg\shap\shap\explainers\pytree.py,,180,xgboost,.predict(
slundberg/shap,Yes,C:/Users/Cristian/PycharmProjects/MARK-IGES-Project/MARK-Tool/MARK-Tool/repos/repos2\slundberg\shap\shap\explainers\pytree.py,,226,xgboost,.predict(
slundberg/shap,Yes,C:/Users/Cristian/PycharmProjects/MARK-IGES-Project/MARK-Tool/MARK-Tool/repos/repos2\slundberg\shap\shap\explainers\_gradient.py,,454,torch,.no_grad(
slundberg/shap,Yes,C:/Users/Cristian/PycharmProjects/MARK-IGES-Project/MARK-Tool/MARK-Tool/repos/repos2\slundberg\shap\shap\explainers\_gradient.py,,527,torch,.no_grad(
slundberg/shap,Yes,C:/Users/Cristian/PycharmProjects/MARK-IGES-Project/MARK-Tool/MARK-Tool/repos/repos2\slundberg\shap\shap\explainers\_gradient.py,,594,torch,.no_grad(
slundberg/shap,Yes,C:/Users/Cristian/PycharmProjects/MARK-IGES-Project/MARK-Tool/MARK-Tool/repos/repos2\slundberg\shap\shap\explainers\_tree.py,,299,catboost,.predict(
slundberg/shap,Yes,C:/Users/Cristian/PycharmProjects/MARK-IGES-Project/MARK-Tool/MARK-Tool/repos/repos2\slundberg\shap\shap\explainers\_tree.py,,299,catboost,.predict(
slundberg/shap,Yes,C:/Users/Cristian/PycharmProjects/MARK-IGES-Project/MARK-Tool/MARK-Tool/repos/repos2\slundberg\shap\shap\explainers\_tree.py,,299,catboost,.predict(
slundberg/shap,Yes,C:/Users/Cristian/PycharmProjects/MARK-IGES-Project/MARK-Tool/MARK-Tool/repos/repos2\slundberg\shap\shap\explainers\_tree.py,,311,catboost,.predict(
slundberg/shap,Yes,C:/Users/Cristian/PycharmProjects/MARK-IGES-Project/MARK-Tool/MARK-Tool/repos/repos2\slundberg\shap\shap\explainers\_tree.py,,311,catboost,.predict(
slundberg/shap,Yes,C:/Users/Cristian/PycharmProjects/MARK-IGES-Project/MARK-Tool/MARK-Tool/repos/repos2\slundberg\shap\shap\explainers\_tree.py,,311,catboost,.predict(
slundberg/shap,Yes,C:/Users/Cristian/PycharmProjects/MARK-IGES-Project/MARK-Tool/MARK-Tool/repos/repos2\slundberg\shap\shap\explainers\_tree.py,,334,catboost,.predict(
slundberg/shap,Yes,C:/Users/Cristian/PycharmProjects/MARK-IGES-Project/MARK-Tool/MARK-Tool/repos/repos2\slundberg\shap\shap\explainers\_tree.py,,334,catboost,.predict(
slundberg/shap,Yes,C:/Users/Cristian/PycharmProjects/MARK-IGES-Project/MARK-Tool/MARK-Tool/repos/repos2\slundberg\shap\shap\explainers\_tree.py,,334,catboost,.predict(
slundberg/shap,Yes,C:/Users/Cristian/PycharmProjects/MARK-IGES-Project/MARK-Tool/MARK-Tool/repos/repos2\slundberg\shap\shap\explainers\_tree.py,,565,catboost,.predict(
slundberg/shap,Yes,C:/Users/Cristian/PycharmProjects/MARK-IGES-Project/MARK-Tool/MARK-Tool/repos/repos2\slundberg\shap\shap\explainers\_tree.py,,565,catboost,.predict(
slundberg/shap,Yes,C:/Users/Cristian/PycharmProjects/MARK-IGES-Project/MARK-Tool/MARK-Tool/repos/repos2\slundberg\shap\shap\explainers\_tree.py,,565,catboost,.predict(
slundberg/shap,Yes,C:/Users/Cristian/PycharmProjects/MARK-IGES-Project/MARK-Tool/MARK-Tool/repos/repos2\slundberg\shap\shap\explainers\_tree.py,,573,catboost,.predict(
slundberg/shap,Yes,C:/Users/Cristian/PycharmProjects/MARK-IGES-Project/MARK-Tool/MARK-Tool/repos/repos2\slundberg\shap\shap\explainers\_tree.py,,573,catboost,.predict(
slundberg/shap,Yes,C:/Users/Cristian/PycharmProjects/MARK-IGES-Project/MARK-Tool/MARK-Tool/repos/repos2\slundberg\shap\shap\explainers\_tree.py,,573,catboost,.predict(
slundberg/shap,Yes,C:/Users/Cristian/PycharmProjects/MARK-IGES-Project/MARK-Tool/MARK-Tool/repos/repos2\slundberg\shap\shap\explainers\_tree.py,,579,catboost,.predict(
slundberg/shap,Yes,C:/Users/Cristian/PycharmProjects/MARK-IGES-Project/MARK-Tool/MARK-Tool/repos/repos2\slundberg\shap\shap\explainers\_tree.py,,579,catboost,.predict(
slundberg/shap,Yes,C:/Users/Cristian/PycharmProjects/MARK-IGES-Project/MARK-Tool/MARK-Tool/repos/repos2\slundberg\shap\shap\explainers\_tree.py,,579,catboost,.predict(
slundberg/shap,Yes,C:/Users/Cristian/PycharmProjects/MARK-IGES-Project/MARK-Tool/MARK-Tool/repos/repos2\slundberg\shap\shap\explainers\_tree.py,,672,catboost,.predict(
slundberg/shap,Yes,C:/Users/Cristian/PycharmProjects/MARK-IGES-Project/MARK-Tool/MARK-Tool/repos/repos2\slundberg\shap\shap\explainers\_tree.py,,672,catboost,.predict(
slundberg/shap,Yes,C:/Users/Cristian/PycharmProjects/MARK-IGES-Project/MARK-Tool/MARK-Tool/repos/repos2\slundberg\shap\shap\explainers\_tree.py,,672,catboost,.predict(
slundberg/shap,Yes,C:/Users/Cristian/PycharmProjects/MARK-IGES-Project/MARK-Tool/MARK-Tool/repos/repos2\slundberg\shap\shap\explainers\_tree.py,,756,catboost,.predict(
slundberg/shap,Yes,C:/Users/Cristian/PycharmProjects/MARK-IGES-Project/MARK-Tool/MARK-Tool/repos/repos2\slundberg\shap\shap\explainers\_tree.py,,756,catboost,.predict(
slundberg/shap,Yes,C:/Users/Cristian/PycharmProjects/MARK-IGES-Project/MARK-Tool/MARK-Tool/repos/repos2\slundberg\shap\shap\explainers\_tree.py,,756,catboost,.predict(
slundberg/shap,Yes,C:/Users/Cristian/PycharmProjects/MARK-IGES-Project/MARK-Tool/MARK-Tool/repos/repos2\slundberg\shap\shap\explainers\_deep\deep_pytorch.py,,38,torch,.no_grad(
slundberg/shap,Yes,C:/Users/Cristian/PycharmProjects/MARK-IGES-Project/MARK-Tool/MARK-Tool/repos/repos2\slundberg\shap\shap\explainers\_deep\deep_pytorch.py,,52,torch,.no_grad(
slundberg/shap,Yes,C:/Users/Cristian/PycharmProjects/MARK-IGES-Project/MARK-Tool/MARK-Tool/repos/repos2\slundberg\shap\shap\explainers\_deep\deep_pytorch.py,,147,torch,.no_grad(
slundberg/shap,Yes,C:/Users/Cristian/PycharmProjects/MARK-IGES-Project/MARK-Tool/MARK-Tool/repos/repos2\slundberg\shap\shap\explainers\_deep\deep_pytorch.py,,223,torch,.no_grad(
slundberg/shap,Yes,C:/Users/Cristian/PycharmProjects/MARK-IGES-Project/MARK-Tool/MARK-Tool/repos/repos2\slundberg\shap\shap\explainers\_deep\deep_pytorch.py,,335,torch,.no_grad(
slundberg/shap,Yes,C:/Users/Cristian/PycharmProjects/MARK-IGES-Project/MARK-Tool/MARK-Tool/repos/repos2\slundberg\shap\shap\models\_teacher_forcing.py,,291,torch,.no_grad(
slundberg/shap,Yes,C:/Users/Cristian/PycharmProjects/MARK-IGES-Project/MARK-Tool/MARK-Tool/repos/repos2\slundberg\shap\shap\models\_text_generation.py,,170,torch,.no_grad(
slundberg/shap,Yes,C:/Users/Cristian/PycharmProjects/MARK-IGES-Project/MARK-Tool/MARK-Tool/repos/repos2\slundberg\shap\shap\models\_topk_lm.py,,231,torch,.no_grad(
svip-lab/PlanarReconstruction,Yes,C:/Users/Cristian/PycharmProjects/MARK-IGES-Project/MARK-Tool/MARK-Tool/repos/repos2\svip-lab\PlanarReconstruction\predict.py,,60,torch,.no_grad(
tbepler/topaz,Yes,C:/Users/Cristian/PycharmProjects/MARK-IGES-Project/MARK-Tool/MARK-Tool/repos/repos2\tbepler\topaz\topaz\predict.py,,21,torch,.no_grad(
tbepler/topaz,Yes,C:/Users/Cristian/PycharmProjects/MARK-IGES-Project/MARK-Tool/MARK-Tool/repos/repos2\tbepler\topaz\topaz\model\utils.py,,57,torch,.no_grad(
tbepler/topaz,Yes,C:/Users/Cristian/PycharmProjects/MARK-IGES-Project/MARK-Tool/MARK-Tool/repos/repos2\tbepler\topaz\topaz\model\utils.py,,93,torch,.no_grad(
tfunck/minc_keras,Yes,C:/Users/Cristian/PycharmProjects/MARK-IGES-Project/MARK-Tool/MARK-Tool/repos/repos2\tfunck\minc_keras\predict.py,,127,keras,.predict(
Tian312/EliIE,Yes,C:/Users/Cristian/PycharmProjects/MARK-IGES-Project/MARK-Tool/MARK-Tool/repos/repos2\Tian312\EliIE\Relation.py,,43,libsvm,svm_predict(
titu1994/DenseNet,Yes,C:/Users/Cristian/PycharmProjects/MARK-IGES-Project/MARK-Tool/MARK-Tool/repos/repos2\titu1994\DenseNet\imagenet_inference.py,,24,keras,.predict(
wuhuikai/GP-GAN,Yes,C:/Users/Cristian/PycharmProjects/MARK-IGES-Project/MARK-Tool/MARK-Tool/repos/repos2\wuhuikai\GP-GAN\sampler.py,,11,chainer,.make_extension(
X-DataInitiative/tick,Yes,C:/Users/Cristian/PycharmProjects/MARK-IGES-Project/MARK-Tool/MARK-Tool/repos/repos2\X-DataInitiative\tick\tick\linear_model\linear_regression.py,,147,sklearn,.predict(
X-DataInitiative/tick,Yes,C:/Users/Cristian/PycharmProjects/MARK-IGES-Project/MARK-Tool/MARK-Tool/repos/repos2\X-DataInitiative\tick\tick\linear_model\linear_regression.py,,150,sklearn,.predict(
xiadingZ/video-caption.pytorch,Yes,C:/Users/Cristian/PycharmProjects/MARK-IGES-Project/MARK-Tool/MARK-Tool/repos/repos2\xiadingZ\video-caption.pytorch\prepro_feats.py,,57,torch,.no_grad(
yassineAlouini/kaggle-tools,Yes,C:/Users/Cristian/PycharmProjects/MARK-IGES-Project/MARK-Tool/MARK-Tool/repos/repos2\yassineAlouini\kaggle-tools\kaggle_tools\metrics\keras.py,,42,keras,.predict(
yassineAlouini/kaggle-tools,Yes,C:/Users/Cristian/PycharmProjects/MARK-IGES-Project/MARK-Tool/MARK-Tool/repos/repos2\yassineAlouini\kaggle-tools\kaggle_tools\metrics\keras.py,,42,keras,.predict(
Yochengliu/MLIC-KD-WSD,Yes,C:/Users/Cristian/PycharmProjects/MARK-IGES-Project/MARK-Tool/MARK-Tool/repos/repos2\Yochengliu\MLIC-KD-WSD\caffe-MLIC\examples\web_demo\app.py,,151,caffe,.predict(
Yochengliu/MLIC-KD-WSD,Yes,C:/Users/Cristian/PycharmProjects/MARK-IGES-Project/MARK-Tool/MARK-Tool/repos/repos2\Yochengliu\MLIC-KD-WSD\caffe-MLIC\examples\web_demo\app.py,,215,caffe,.forward(
Yochengliu/MLIC-KD-WSD,Yes,C:/Users/Cristian/PycharmProjects/MARK-IGES-Project/MARK-Tool/MARK-Tool/repos/repos2\Yochengliu\MLIC-KD-WSD\caffe-MLIC\python\classify.py,,129,caffe,.predict(
Yochengliu/MLIC-KD-WSD,Yes,C:/Users/Cristian/PycharmProjects/MARK-IGES-Project/MARK-Tool/MARK-Tool/repos/repos2\Yochengliu\MLIC-KD-WSD\caffe-MLIC\python\caffe\pycaffe.py,,192,caffe,.forward(
Yochengliu/MLIC-KD-WSD,Yes,C:/Users/Cristian/PycharmProjects/MARK-IGES-Project/MARK-Tool/MARK-Tool/repos/repos2\Yochengliu\MLIC-KD-WSD\caffe-MLIC\python\caffe\pycaffe.py,,232,caffe,.forward(
yselivonchyk/Tensorflow_WhatWhereAutoencoder,Yes,C:/Users/Cristian/PycharmProjects/MARK-IGES-Project/MARK-Tool/MARK-Tool/repos/repos2\yselivonchyk\Tensorflow_WhatWhereAutoencoder\pooling.py,,182,tensorflow,.predict(
yselivonchyk/Tensorflow_WhatWhereAutoencoder,Yes,C:/Users/Cristian/PycharmProjects/MARK-IGES-Project/MARK-Tool/MARK-Tool/repos/repos2\yselivonchyk\Tensorflow_WhatWhereAutoencoder\pooling.py,,182,tensorflow,.predict(
yselivonchyk/Tensorflow_WhatWhereAutoencoder,Yes,C:/Users/Cristian/PycharmProjects/MARK-IGES-Project/MARK-Tool/MARK-Tool/repos/repos2\yselivonchyk\Tensorflow_WhatWhereAutoencoder\pooling.py,,182,tensorflow,.predict(
yselivonchyk/Tensorflow_WhatWhereAutoencoder,Yes,C:/Users/Cristian/PycharmProjects/MARK-IGES-Project/MARK-Tool/MARK-Tool/repos/repos2\yselivonchyk\Tensorflow_WhatWhereAutoencoder\utils.py,,42,tensorflow,.predict(
yselivonchyk/Tensorflow_WhatWhereAutoencoder,Yes,C:/Users/Cristian/PycharmProjects/MARK-IGES-Project/MARK-Tool/MARK-Tool/repos/repos2\yselivonchyk\Tensorflow_WhatWhereAutoencoder\utils.py,,42,tensorflow,.predict(
yselivonchyk/Tensorflow_WhatWhereAutoencoder,Yes,C:/Users/Cristian/PycharmProjects/MARK-IGES-Project/MARK-Tool/MARK-Tool/repos/repos2\yselivonchyk\Tensorflow_WhatWhereAutoencoder\utils.py,,42,tensorflow,.predict(
yuewang-cuhk/HashtagGeneration,Yes,C:/Users/Cristian/PycharmProjects/MARK-IGES-Project/MARK-Tool/MARK-Tool/repos/repos2\yuewang-cuhk\HashtagGeneration\onmt\translate\Translator.py,,382,torch,.forward(
yuewang-cuhk/HashtagGeneration,Yes,C:/Users/Cristian/PycharmProjects/MARK-IGES-Project/MARK-Tool/MARK-Tool/repos/repos2\yuewang-cuhk\HashtagGeneration\onmt\translate\Translator.py,,387,torch,.forward(
yuewang-cuhk/HashtagGeneration,Yes,C:/Users/Cristian/PycharmProjects/MARK-IGES-Project/MARK-Tool/MARK-Tool/repos/repos2\yuewang-cuhk\HashtagGeneration\onmt\translate\Translator.py,,469,torch,.forward(
YuliangXiu/MobilePose-pytorch,Yes,C:/Users/Cristian/PycharmProjects/MARK-IGES-Project/MARK-Tool/MARK-Tool/repos/repos2\YuliangXiu\MobilePose-pytorch\demo.ipynb,,105,torch,.no_grad(
yuzcccc/vqa-mfb,Yes,C:/Users/Cristian/PycharmProjects/MARK-IGES-Project/MARK-Tool/MARK-Tool/repos/repos2\yuzcccc\vqa-mfb\eval\ensemble.py,,144,caffe,.forward(
yuzcccc/vqa-mfb,Yes,C:/Users/Cristian/PycharmProjects/MARK-IGES-Project/MARK-Tool/MARK-Tool/repos/repos2\yuzcccc\vqa-mfb\mfb_baseline\utils.py,,137,caffe,.forward(
yuzcccc/vqa-mfb,Yes,C:/Users/Cristian/PycharmProjects/MARK-IGES-Project/MARK-Tool/MARK-Tool/repos/repos2\yuzcccc\vqa-mfb\mfb_coatt_glove\utils.py,,138,caffe,.forward(
yuzcccc/vqa-mfb,Yes,C:/Users/Cristian/PycharmProjects/MARK-IGES-Project/MARK-Tool/MARK-Tool/repos/repos2\yuzcccc\vqa-mfb\mfh_baseline\utils.py,,137,caffe,.forward(
yuzcccc/vqa-mfb,Yes,C:/Users/Cristian/PycharmProjects/MARK-IGES-Project/MARK-Tool/MARK-Tool/repos/repos2\yuzcccc\vqa-mfb\mfh_coatt_glove\utils.py,,138,caffe,.forward(
zhou13/lcnn,Yes,C:/Users/Cristian/PycharmProjects/MARK-IGES-Project/MARK-Tool/MARK-Tool/repos/repos2\zhou13\lcnn\demo.py,,95,torch,.no_grad(
zhou13/lcnn,Yes,C:/Users/Cristian/PycharmProjects/MARK-IGES-Project/MARK-Tool/MARK-Tool/repos/repos2\zhou13\lcnn\process.py,,95,torch,.no_grad(
ZQPei/deep_sort_pytorch,Yes,C:/Users/Cristian/PycharmProjects/MARK-IGES-Project/MARK-Tool/MARK-Tool/repos/repos2\ZQPei\deep_sort_pytorch\deep_sort\deep\feature_extractor.py,,48,torch,.no_grad(
ZQPei/deep_sort_pytorch,Yes,C:/Users/Cristian/PycharmProjects/MARK-IGES-Project/MARK-Tool/MARK-Tool/repos/repos2\ZQPei\deep_sort_pytorch\deep_sort\deep\feature_extractor.py,,83,torch,.no_grad(
ZQPei/deep_sort_pytorch,Yes,C:/Users/Cristian/PycharmProjects/MARK-IGES-Project/MARK-Tool/MARK-Tool/repos/repos2\ZQPei\deep_sort_pytorch\deep_sort\deep\multi_train_utils\distributed_utils.py,,62,torch,.no_grad(
ZQPei/deep_sort_pytorch,Yes,C:/Users/Cristian/PycharmProjects/MARK-IGES-Project/MARK-Tool/MARK-Tool/repos/repos2\ZQPei\deep_sort_pytorch\detector\Mask_RCNN\maskrcnn.py,,174,torch,.no_grad(
ZQPei/deep_sort_pytorch,Yes,C:/Users/Cristian/PycharmProjects/MARK-IGES-Project/MARK-Tool/MARK-Tool/repos/repos2\ZQPei\deep_sort_pytorch\detector\Mask_RCNN\train_utils\distributed_utils.py,,104,torch,.no_grad(
ZQPei/deep_sort_pytorch,Yes,C:/Users/Cristian/PycharmProjects/MARK-IGES-Project/MARK-Tool/MARK-Tool/repos/repos2\ZQPei\deep_sort_pytorch\detector\YOLOv3\detector.py,,42,torch,.no_grad(
ZQPei/deep_sort_pytorch,Yes,C:/Users/Cristian/PycharmProjects/MARK-IGES-Project/MARK-Tool/MARK-Tool/repos/repos2\ZQPei\deep_sort_pytorch\detector\YOLOv5\models\tf.py,,436,tensorflow,.predict(
ZQPei/deep_sort_pytorch,Yes,C:/Users/Cristian/PycharmProjects/MARK-IGES-Project/MARK-Tool/MARK-Tool/repos/repos2\ZQPei\deep_sort_pytorch\detector\YOLOv5\models\tf.py,,436,tensorflow,.predict(
ZQPei/deep_sort_pytorch,Yes,C:/Users/Cristian/PycharmProjects/MARK-IGES-Project/MARK-Tool/MARK-Tool/repos/repos2\ZQPei\deep_sort_pytorch\detector\YOLOv5\models\tf.py,,436,tensorflow,.predict(
ZQPei/deep_sort_pytorch,Yes,C:/Users/Cristian/PycharmProjects/MARK-IGES-Project/MARK-Tool/MARK-Tool/repos/repos2\ZQPei\deep_sort_pytorch\detector\YOLOv5\models\tf.py,,440,tensorflow,.predict(
ZQPei/deep_sort_pytorch,Yes,C:/Users/Cristian/PycharmProjects/MARK-IGES-Project/MARK-Tool/MARK-Tool/repos/repos2\ZQPei\deep_sort_pytorch\detector\YOLOv5\models\tf.py,,440,tensorflow,.predict(
ZQPei/deep_sort_pytorch,Yes,C:/Users/Cristian/PycharmProjects/MARK-IGES-Project/MARK-Tool/MARK-Tool/repos/repos2\ZQPei\deep_sort_pytorch\detector\YOLOv5\models\tf.py,,440,tensorflow,.predict(
ZQPei/deep_sort_pytorch,Yes,C:/Users/Cristian/PycharmProjects/MARK-IGES-Project/MARK-Tool/MARK-Tool/repos/repos2\ZQPei\deep_sort_pytorch\detector\YOLOv5\utils\metrics.py,,235,torch,.no_grad(
